censusType,table,errorName,tag,StemTag,quadrat,sp,NAD83_X,NAD83_Y,x,y,lx,ly,dbh_previous,hom,codes_previous,status_previous,status_2022,comment_2022,dbh_current,status_current,codes_current,notes_current,census_status,mortality,mort_status,crown_position,crown_intact,crown_living,fad,liana_load,wounded_main_stem,rotting_trunk,canker_swelling_deformity,lean_angle,dead_with_resprout,dbh_if_dead,personnel,date_measured
both,old_trees,suspiciousNegativeGrowth,120295,1,1201,libe,747618.133500342,4308525.83966706,-78.1450349296574,38.8907290653797,13,14,19,1.3,F;M,A,"","",13,LI,"","",1,0,"",,,,"",,,,,,,,CP,10/20/2023 7:14:01 PM
both,old_trees,suspiciousNegativeGrowth,120520,1,1203,litu,747611.564844862,4308558.89617572,-78.1450986579016,38.8910284350938,7.2,7.2,505,1.3,F,A,A,"",254,LI,"","",1,1,A,3,98,95,"",1,,,,,,,CP,10/20/2023 1:26:14 PM
both,old_trees,suspiciousNegativeGrowth,120541,1,1203,libe,747606.3036063,4308561.47481273,-78.1451583185928,38.8910531257938,2,9.9,22,1.3,F;DS,G,"","",13,LI,"","",1,0,"",,,,"",,,,,,,,CP,10/18/2023 7:57:10 PM
both,old_trees,suspiciousNegativeGrowth,121257,1,1208,ulru,747603.021291013,4308664.12630294,-78.1451591054582,38.8919779464623,1.1,12.6,27,1.3,F;M,A,"","",2,DS,"","",1,0,"",,,,"",,,,,,,,CP,10/11/2023 1:10:35 PM
both,old_trees,suspiciousNegativeGrowth,121438,1,1215,caco,747617.910061542,4308798.40784238,-78.1449392140381,38.8931823261952,19.1,6.5,382,1.3,NULL,A,A,"",46,LI,"","",1,1,A,3,100,100,"",0,,,,,,,CP,9/25/2023 1:08:32 PM
both,old_trees,suspiciousNegativeGrowth,123044,1,1201,libe,747625.020259762,4308530.80077023,-78.1449538297759,38.8907717759204,20,18.8,20,1.3,J,A,"","",13,LI,"","",1,0,"",,,,"",,,,,,,,CP,8/22/2023 7:01:17 PM
both,old_trees,suspiciousNegativeGrowth,130348,1,1302,litu,747644.842976078,4308534.36160157,-78.1447242599845,38.8907982377672,19.9,1.9,598,1.3,NULL,A,A,"",262,LI,"","",1,1,A,3,100,100,"",0,,,,,,,EM,8/25/2023 7:06:40 PM
both,old_trees,suspiciousNegativeGrowth,130523,1,1303,litu,747631.473840817,4308567.36032837,-78.1448663248904,38.8910990041847,7.3,15.2,220,1.3,F,A,A,"",22,LI,"","",1,1,A,1,100,100,"",,,,,,,,EM,10/11/2023 7:39:16 PM
both,old_trees,suspiciousNegativeGrowth,133095,1,1302,libe,747637.526607493,4308539.29319429,-78.1448067396722,38.8908446854841,12.7,7,18,1.3,M,A,"","",13,LI,"","",1,0,"",,,,"",,,,,,,,EM,8/24/2023 7:31:44 PM
both,old_trees,suspiciousNegativeGrowth,140715,1,1406,caca,747647.419212037,4308630.24717505,-78.1446600115424,38.8916605115788,4.7,17.7,41,1.3,F,A,"","",15,LI,"",BR,1,0,"",,,,"",,,,,,,,EM,10/18/2023 3:16:16 PM
both,old_trees,suspiciousNegativeGrowth,140977,1,1409,libe,747654.259610621,4308684.62049147,-78.1445616244588,38.8921479604186,12.8,11.9,27,1.3,F;M,A,"","",19,LI,"","",1,0,"",,,,"",,,,,,,,"EM,BM",10/11/2023 3:58:28 PM
both,old_trees,suspiciousNegativeGrowth,170037,1,1701,juni,747706.202613208,4308523.8822813,-78.1440213994662,38.890686625361,1,10,457,1.3,I,A,DC,"",290,DC,I,"",1,0,"",,,,"",,,,,,,,EM,8/1/2023 3:43:08 PM
both,old_trees,suspiciousNegativeGrowth,192014,1,1917,cagl,747756.189352654,4308852.63041747,-78.1433271185608,38.8936313633189,18.6,17.5,80,1.3,NULL,A,"","",8,LI,"","",1,0,"",,,,"",,,,,,,,"EM,RH",10/3/2023 1:38:00 PM
both,old_trees,suspiciousNegativeGrowth,201286,1,2014,astr,747767.924700255,4308786.58490375,-78.1432157967082,38.8930336255151,8.8,11.2,21,1.3,NULL,A,"","",2,LI,"","",1,0,"",,,,"",,,,,,,,IK,10/2/2023 3:27:05 PM
both,old_trees,suspiciousNegativeGrowth,33318,7,0308,libe,747439.913491345,4308649.63839821,-78.1470427732168,38.8918934987427,17.7,1.9,14,1.3,S,alive,"","",10,LI,"","",1,0,"",,,,"",,,,,,,,KB,9/20/2023 6:43:25 PM
both,old_trees,suspiciousNegativeGrowth,100091,3,1001,libe,747576.970108123,4308523.78415228,-78.1455097241729,38.8907221636067,11.8,12.9,29,1.3,F;M,alive,"","",19,LI,"","",1,0,"",,,,"",,,,,,,,CP,10/23/2023 5:51:28 PM
both,old_trees,suspiciousNegativeGrowth,120245,4,1201,libe,747607.450083582,4308520.69043349,-78.1451598205988,38.8906857304301,2.2,9.1,19,1.3,F;S,alive,"","",14,LI,"","",1,0,"",,,,"",,,,,,,,CP,10/23/2023 6:28:40 PM
both,old_trees,suspiciousNegativeGrowth,183564,4,1811,libe,747733.280164581,4308732.06649198,-78.1436344582439,38.8925527124158,12.9,17.5,14,1.3,S,alive,"","",10,LI,"","",1,0,"",,,,"",,,,,,,,EM,9/25/2023 2:59:03 PM
both,old_trees,suspiciousNegativeGrowth,190509,4,1909,libe,747760.842745862,4308690.89484342,-78.1433318860109,38.8921743832589,19.5,15.7,36,1.3,M,alive,"","",17,LI,"","",1,0,"",,,,"",,,,,,,,EM,9/26/2023 3:21:02 PM
both,old_trees,suspiciousNegativeGrowth,190741,4,1911,libe,747754.890600663,4308731.86778531,-78.1433856501405,38.8925448305405,14.5,16.8,30,1.3,S,alive,"","",20,LI,"","",1,0,"",,,,"",,,,,,,,"KB,BM",9/25/2023 3:39:38 PM
both,old_trees,suspiciousPositiveGrowth,104115,1,1001,libe,747582.192124018,4308527.20622037,-78.1454483521881,38.8907514914934,17.1,16.2,10,1.3,F;M;J,A,"","",21,LI,"M,I","",1,0,"",,,,"",,,,,,,,CP,10/23/2023 3:32:01 PM
both,old_trees,suspiciousPositiveGrowth,110216,1,1101,saal,747591.147078512,4308512.00987903,-78.1453507017625,38.8906121970187,5.7,0.8,31,1.2,A,A,"","",81,LI,"",NG,1,0,"",,,,"",,,,,,,,EM,10/19/2023 3:26:22 PM
both,old_trees,suspiciousPositiveGrowth,113734,1,1110,caca,747599.440002571,4308693.45110205,-78.1451897757124,38.8922428880006,18.2,2,10,1.3,F,A,"","",20,LI,"","",1,0,"",,,,"",,,,,,,,IK,10/13/2023 3:35:03 PM
both,old_trees,suspiciousPositiveGrowth,121235,1,1208,litu,747603.718350424,4308655.64019027,-78.1451541368828,38.8919013722175,1.6,4.1,123,1.3,F,A,AU,"",419,DS,"","",1,1,"",2,20,0,U,,,,,,,419,CP,10/11/2023 6:11:13 PM
both,old_trees,suspiciousPositiveGrowth,123476,1,1206,libe,747605.615884116,4308616.97379504,-78.1451462272412,38.8915528279275,2.6,5.4,12,1.3,F;M,A,"","",37,LI,M,"",1,0,"",,,,"",,,,,,,,CP,10/13/2023 2:25:44 PM
both,old_trees,suspiciousPositiveGrowth,123489,1,1204,caca,747610.52697199,4308586.37949466,-78.1451006997559,38.8912760856265,6.8,14.7,15,1.3,F;J,A,"","",34,LI,"","",1,0,"",,,,"",,,,,,,,CP,10/18/2023 1:46:00 PM
both,old_trees,suspiciousPositiveGrowth,123503,1,1217,astr,747600.744465077,4308835.51960094,-78.1451235231031,38.8935211810716,2.8,4,14,1.3,NULL,A,"","",29,LI,M,"",1,0,"",,,,"",,,,,,,,CP,9/25/2023 3:26:16 PM
both,old_trees,suspiciousPositiveGrowth,130392,1,1303,litu,747638.673996811,4308563.12622733,-78.1447849312652,38.891058866874,14.4,10.8,165,1.3,NULL,A,A,"",807,LI,RT,"",1,1,A,1,100,100,"",0,,,,,,,EM,8/25/2023 2:43:25 PM
both,old_trees,suspiciousPositiveGrowth,133580,1,1302,libe,747629.464018725,4308546.20800899,-78.1448970984796,38.8909091934316,4.8,14.1,14,1.3,M,A,"","",33,LI,"","",1,0,"",,,,"",,,,,,,,EM,8/24/2023 2:11:33 PM
both,old_trees,suspiciousPositiveGrowth,134020,1,1304,libe,747641.978623029,4308580.20748956,-78.1447407143943,38.8912116723931,18.1,7.8,10,1.3,NULL,A,"","",21,LI,M,"",1,0,"",,,,"",,,,,,,,IK,8/24/2023 6:50:11 PM
both,old_trees,suspiciousPositiveGrowth,134022,1,1304,libe,747643.634302967,4308586.44757962,-78.1447193964774,38.8912673687673,19.9,14,18,1.3,M,A,"","",36,LI,"","",1,0,"",,,,"",,,,,,,,IK,8/24/2023 6:16:15 PM
both,old_trees,suspiciousPositiveGrowth,13459,1,0108,libe,747394.286325091,4308650.28006296,-78.1475680117115,38.8919121223136,12.1,3.6,15,1.3,NULL,A,"","",40,LI,"","",1,0,"",,,,"",,,,,,,,IK,9/18/2023 2:23:50 PM
both,old_trees,suspiciousPositiveGrowth,143335,1,1406,nysy,747661.227087557,4308630.06745961,-78.1445010573973,38.8916550026576,18.5,17.2,11,1.3,F,A,"","",26,LI,"",JW,1,0,"",,,,"",,,,,,,,EM,10/17/2023 3:40:56 PM
both,old_trees,suspiciousPositiveGrowth,143849,1,1404,libe,747647.828316591,4308582.44380019,-78.1446142801497,38.8912236607677,4,9.9,10,1.3,NULL,A,"","",22,LI,"","",1,0,"",,,,"",,,,,,,,IK,8/23/2023 1:49:42 PM
both,old_trees,suspiciousPositiveGrowth,143859,1,1404,libe,747655.381760212,4308575.91727819,-78.1445879047263,38.8911692816396,11.4,3.2,12,1.3,M,A,"","",27,LI,"","",1,0,"",,,,"",,,,,,,,IK,8/23/2023 2:49:01 PM
both,old_trees,suspiciousPositiveGrowth,143886,1,1415,astr,747655.525667241,4308802.4815942,-78.1444998355925,38.8931777367959,16.8,9.7,13,1.3,NULL,A,"","",29,LI,"","",1,0,"",,,,"",,,,,,,,IK,6/30/2023 6:27:00 PM
both,old_trees,suspiciousPositiveGrowth,143890,1,1415,astr,747656.118545969,4308802.79543304,-78.1444934350976,38.8931840748136,17.4,10,11,1.3,NULL,A,"","",23,LI,"","",1,0,"",,,,"",,,,,,,,IK,6/30/2023 6:28:26 PM
both,old_trees,suspiciousPositiveGrowth,143901,1,1403,libe,747658.119823939,4308561.37688593,-78.1445616164442,38.891037642083,13.8,8.6,10,1.3,NULL,A,"","",20,LI,"","",1,0,"",,,,"",,,,,,,,IK,8/17/2023 7:21:04 PM
both,old_trees,suspiciousPositiveGrowth,143930,1,1417,astr,747641.462214761,4308852.46878561,-78.144648471661,38.8936622534018,3.9,20,14,1.3,M,A,"","",36,LI,"","",1,0,"",,,,"",,,,,,,,IK,7/6/2023 6:32:52 PM
both,old_trees,suspiciousPositiveGrowth,143950,1,1415,astr,747649.58042432,4308795.74185484,-78.1445754350902,38.8931494055366,10.7,3.1,16,1.3,M,A,"","",34,LI,"","",1,0,"",,,,"",,,,,,,,IK,6/29/2023 6:44:38 PM
both,old_trees,suspiciousPositiveGrowth,143981,1,1416,libe,747639.072515165,4308813.20277822,-78.1446901552963,38.8933095213164,0.6,0.8,10,1.3,NULL,A,"","",20,LI,"",Not sprayed,1,0,"",,,,"",,,,,,,,IK,7/5/2023 3:35:36 PM
both,old_trees,suspiciousPositiveGrowth,144016,1,1418,astr,747639.116435199,4308854.41488895,-78.1446747860013,38.8936804304194,1.6,2,12,1.3,J;L,A,"","",24,LI,"RT,M","",1,0,"",,,,"",,,,,,,,IK,7/6/2023 7:07:48 PM
both,old_trees,suspiciousPositiveGrowth,144066,1,1414,libe,747654.697178879,4308786.45806129,-78.1445198545495,38.8930644067859,15.6,13.7,10,1.3,NULL,A,"","",25,LI,"","",1,0,"",,,,"",,,,,,,,IK,6/29/2023 3:35:02 PM
both,old_trees,suspiciousPositiveGrowth,144273,1,1405,libe,747650.66301033,4308593.9126498,-78.1446357579563,38.8913325748178,7.1,1.3,13,1.3,NULL,A,"","",25,LI,M,"",1,0,"",,,,"",,,,,,,,IK,8/24/2023 3:54:41 PM
both,old_trees,suspiciousPositiveGrowth,150058,1,1501,libe,747678.300852489,4308523.63491364,-78.1443428147784,38.8906922637155,13.1,10.4,20,1.3,M,A,"","",40,LI,M,"",1,0,"",,,,"",,,,,,,,IK,8/16/2023 3:24:22 PM
both,old_trees,suspiciousPositiveGrowth,153272,1,1508,ceca,747671.844100891,4308655.32056342,-78.1443696788135,38.8918792953469,9.7,2.2,15,1.3,F,A,"","",35,LI,"","",1,0,"",,,,"",,,,,,,,KB,10/17/2023 3:39:22 PM
both,old_trees,suspiciousPositiveGrowth,153463,1,1501,libe,747685.084660504,4308515.79018185,-78.1442675189175,38.890619746937,19.7,2.4,10,1.3,NULL,A,"","",20,LI,"","",1,0,"",,,,"",,,,,,,,IK,8/16/2023 6:58:20 PM
both,old_trees,suspiciousPositiveGrowth,153509,1,1504,libe,747666.837338641,4308586.58591085,-78.1444521297971,38.8912620737647,3.1,13.6,12,1.3,NULL,A,"","",24,LI,"","",1,0,"",,,,"",,,,,,,,KB,8/23/2023 6:24:36 PM
both,old_trees,suspiciousPositiveGrowth,153532,1,1504,libe,747668.229353665,4308574.01482123,-78.1444406313722,38.8911485372313,4.2,1,10,1.3,J,A,"","",20,LI,M,"",1,0,"",,,,"",,,,,,,,KB,8/22/2023 3:14:17 PM
both,old_trees,suspiciousPositiveGrowth,153588,1,1503,libe,747665.076613496,4308571.94112178,-78.144477688664,38.8911307623044,1,19,11,1.3,J,A,"","",24,LI,"","",1,0,"",,,,"",,,,,,,,EM,8/17/2023 3:52:42 PM
both,old_trees,suspiciousPositiveGrowth,153599,1,1503,libe,747682.795049014,4308571.35201838,-78.1442738484133,38.8911204659529,18.7,18,20,1.3,M,A,"","",40,LI,"","",1,0,"",,,,"",,,,,,,,EM,8/17/2023 1:53:46 PM
both,old_trees,suspiciousPositiveGrowth,153733,1,1510,ulru,747680.767488411,4308706.14125756,-78.1442485805319,38.8923341824404,19.8,12.8,13,1.3,F,A,"","",25,LI,"","",1,0,"",,,,"",,,,,,,,KB,10/11/2023 2:22:50 PM
both,old_trees,suspiciousPositiveGrowth,160867,1,1612,libe,747699.076540238,4308753.37872808,-78.1440206824798,38.8927541720078,19.2,19.6,14,1.3,NULL,A,"","",37,LI,"","",1,0,"",,,,"",,,,,,,,CT,6/26/2023 3:57:54 PM
both,old_trees,suspiciousPositiveGrowth,160872,1,1613,libe,747697.053879226,4308754.33206036,-78.144043632631,38.8927633228606,17.2,0.6,14,1.3,M,A,"","",35,LI,"","",1,0,"",,,,"",,,,,,,,CT,6/27/2023 7:42:44 PM
both,old_trees,suspiciousPositiveGrowth,160874,1,1613,libe,747695.731245946,4308759.60279477,-78.144056964521,38.8928111333866,16,5.9,18,1.3,M,A,"","",39,LI,"","",1,0,"",,,,"",,,,,,,,CT,6/28/2023 2:16:31 PM
both,old_trees,suspiciousPositiveGrowth,160875,1,1613,libe,747694.413036395,4308760.37242038,-78.1440718675665,38.8928184321088,14.7,6.7,13,1.3,NULL,A,"","",26,LI,M,"",1,0,"",,,,"",,,,,,,,CT,6/28/2023 2:25:33 PM
both,old_trees,suspiciousPositiveGrowth,160879,1,1613,libe,747683.843728427,4308758.92683085,-78.1441941129681,38.892808400304,4.1,5.5,15,1.3,NULL,A,"","",29,LI,M,"",1,0,"",,,,"",,,,,,,,CT,6/26/2023 6:55:45 PM
both,old_trees,suspiciousPositiveGrowth,160880,1,1613,libe,747681.544347448,4308758.87347248,-78.1442206132608,38.892808568807,1.8,5.5,14,1.3,NULL,A,"","",30,LI,"","",1,0,"",,,,"",,,,,,,,CT,6/26/2023 7:14:32 PM
both,old_trees,suspiciousPositiveGrowth,161083,1,1622,libe,747688.377762406,4308951.48384198,-78.1440724324976,38.8945401934905,13.1,17.9,11,1.3,M,A,"","",22,LI,M,"",1,0,"",,,,"",,,,,,,,CT,7/11/2023 2:40:04 PM
both,old_trees,suspiciousPositiveGrowth,161098,1,1625,vipr,747682.417202014,4309010.06132673,-78.144119271484,38.8954291714585,8.5,16.6,12,1.3,NULL,A,"","",34,LI,"","Species is not vipr, is rops (black locust)",1,0,"",,,,"",,,,,,,,CT,7/12/2023 1:25:27 PM
both,old_trees,suspiciousPositiveGrowth,163437,1,1620,astr,747686.782352882,4308895.23169992,-78.1441110996008,38.8940343576151,10.2,1.7,13,1.3,J,A,"","",38,LI,RT,"",1,0,"",,,,"",,,,,,,,CT,7/6/2023 7:33:38 PM
both,old_trees,suspiciousPositiveGrowth,173984,1,1713,libe,747701.343442208,4308754.83170966,-78.1439940510324,38.8927666103971,1.5,1,20,1.3,NULL,A,"","",56,LI,"","",1,0,"",,,,"",,,,,,,,RH,10/2/2023 2:46:27 PM
both,old_trees,suspiciousPositiveGrowth,181117,1,1811,libe,747721.478278308,4308723.39036148,-78.1437735066318,38.8924779524732,0.9,9.1,11,1.3,NULL,A,"","",23,LI,"","",1,0,"",,,,"",,,,,,,,EM,9/25/2023 1:54:11 PM
both,old_trees,suspiciousPositiveGrowth,181124,1,1811,libe,747731.624926901,4308734.42872741,-78.1436526697827,38.8925744394571,11.3,19.9,13,1.3,NULL,A,"","",34,LI,"","",1,0,"",,,,"",,,,,,,,EM,9/25/2023 2:56:27 PM
both,old_trees,suspiciousPositiveGrowth,181140,1,1811,libe,747730.631507436,4308721.20212097,-78.1436688816811,38.8924556765414,10,6.7,13,1.3,NULL,A,"","",29,LI,"","",1,0,"",,,,"",,,,,,,,EM,9/26/2023 6:44:55 PM
both,old_trees,suspiciousPositiveGrowth,181155,1,1811,libe,747740.333752769,4308725.52837056,-78.143555582597,38.8924918787615,19.8,10.8,14,1.3,NULL,A,"","",29,LI,"","",1,0,"",,,,"",,,,,,,,EM,9/25/2023 5:45:03 PM
both,old_trees,suspiciousPositiveGrowth,181167,1,1811,libe,747732.331049899,4308721.24155977,-78.1436492948207,38.8924555527855,11.7,6.7,11,1.3,M,A,"","",22,LI,"","",1,0,"",,,,"",,,,,,,,EM,9/26/2023 6:51:12 PM
both,old_trees,suspiciousPositiveGrowth,181173,1,1812,libe,747721.60253134,4308743.89876369,-78.1437646770819,38.8926624991061,1.5,9.6,11,1.3,NULL,A,"","",28,LI,"","",1,0,"",,,,"",,,,,,,,EM,9/27/2023 3:55:38 PM
both,old_trees,suspiciousPositiveGrowth,181235,1,1812,libe,747735.612250696,4308735.02139001,-78.1436065341203,38.8925786499207,15.3,0.4,22,1.3,M,A,"","",46,LI,"","",1,0,"",,,,"",,,,,,,,EM,9/26/2023 7:45:07 PM
both,old_trees,suspiciousPositiveGrowth,181627,1,1813,astr,747721.352411249,4308763.29818224,-78.1437605591949,38.89283717007,1.7,9,16,1.3,NULL,A,"","",33,LI,"","",1,0,"",,,,"",,,,,,,,EM,9/29/2023 3:36:51 PM
both,old_trees,suspiciousPositiveGrowth,181665,1,1813,libe,747732.521989995,4308773.36001659,-78.1436282921862,38.8929245798482,13.1,18.8,17,1.3,M,A,"","",33,LI,"","",1,0,"",,,,"",,,,,,,,EM,9/28/2023 3:04:45 PM
both,old_trees,suspiciousPositiveGrowth,181666,1,1813,libe,747733.823960042,4308773.29020259,-78.1436133226649,38.8929235849185,14.4,18.7,15,1.3,M,A,"","",41,LI,"","",1,0,"",,,,"",,,,,,,,EM,9/28/2023 2:51:38 PM
both,old_trees,suspiciousPositiveGrowth,181668,1,1814,libe,747735.572653279,4308779.83253183,-78.1435908225653,38.892981974577,16.3,5.2,13,1.3,NULL,A,"","",25,LI,"","",1,0,"",,,,"",,,,,,,,EM,10/2/2023 3:00:09 PM
both,old_trees,suspiciousPositiveGrowth,182775,1,1812,libe,747734.555169999,4308750.40100575,-78.1436131591847,38.8927173686071,14.6,15.8,10,1.3,NULL,A,"","",20,LI,"","",1,0,"",,,,"",,,,,,,,EM,9/27/2023 6:16:11 PM
both,old_trees,suspiciousPositiveGrowth,182792,1,1812,libe,747739.797632996,4308744.3209908,-78.1435549780202,38.8926611685589,19.7,9.6,11,1.3,NULL,A,"","",49,LI,"","",1,0,"",,,,"",,,,,,,,EM,9/27/2023 2:59:02 PM
both,old_trees,suspiciousPositiveGrowth,183520,1,1812,libe,747721.958118901,4308741.50636918,-78.1437614449459,38.8926408664817,1.8,7.2,32,1.3,M,A,"","",62,LI,"","",1,0,"",,,,"",,,,,,,,EM,9/27/2023 3:43:13 PM
both,old_trees,suspiciousPositiveGrowth,183750,1,1801,libe,747733.174467071,4308525.40841996,-78.1437102303342,38.8906927566264,8,10.9,17,1.3,J;M,A,"","",35,LI,M,"",1,0,"",,,,"",,,,,,,,CP,7/25/2023 6:31:35 PM
both,old_trees,suspiciousPositiveGrowth,191232,1,1911,libe,747743.309313796,4308717.99537404,-78.14352403288,38.8924232407869,2.6,3.2,11,1.3,NULL,A,"","",23,LI,M,"",1,0,"",,,,"",,,,,,,,"KB,BM",9/25/2023 1:19:02 PM
both,old_trees,suspiciousPositiveGrowth,191284,1,1912,astr,747745.777674854,4308749.56113387,-78.143484216846,38.89270664529,5.8,14.7,13,1.3,NULL,A,"","",29,LI,"","",1,0,"",,,,"",,,,,,,,KB,9/27/2023 3:36:56 PM
both,old_trees,suspiciousPositiveGrowth,191288,1,1913,libe,747747.793808341,4308757.51004611,-78.1434581297737,38.8927776189442,8,2.6,13,1.3,NULL,A,"","",29,LI,M,"",1,0,"",,,,"",,,,,,,,KB,9/27/2023 7:31:37 PM
both,old_trees,suspiciousPositiveGrowth,191299,1,1913,libe,747752.927450796,4308760.42992883,-78.1433979525482,38.8928024516639,13.2,5.4,11,1.3,M,A,"","",22,LI,"","",1,0,"",,,,"",,,,,,,,KB,9/27/2023 7:54:27 PM
both,old_trees,suspiciousPositiveGrowth,191300,1,1913,libe,747752.550757744,4308759.42091826,-78.1434026552279,38.892793476311,12.8,4.4,11,1.3,NULL,A,"","",24,LI,"","",1,0,"",,,,"",,,,,,,,KB,9/27/2023 7:53:24 PM
both,old_trees,suspiciousPositiveGrowth,191402,1,1913,libe,747754.010915238,4308761.15525966,-78.1433852135427,38.8928086750498,14.3,6.1,14,1.3,NULL,A,"","",28,LI,"","",1,0,"",,,,"",,,,,,,,KB,9/29/2023 3:13:53 PM
both,old_trees,suspiciousPositiveGrowth,191454,1,1913,libe,747750.804600567,4308757.07977855,-78.1434236102233,38.8927728980889,11,2.1,11,1.3,NULL,A,"","",25,LI,M,"",1,0,"",,,,"",,,,,,,,KB,9/27/2023 7:38:00 PM
both,old_trees,suspiciousPositiveGrowth,191456,1,1913,libe,747751.585825822,4308757.89812268,-78.1434143180524,38.8927800429947,11.8,2.9,13,1.3,NULL,A,"","",25,LI,M,"",1,0,"",,,,"",,,,,,,,KB,9/27/2023 7:40:15 PM
both,old_trees,suspiciousPositiveGrowth,201533,1,2011,libe,747764.854575731,4308716.29475116,-78.1432765174528,38.8924018590866,4.1,1,19,1.3,NULL,A,"","",39,LI,"","",1,0,"",,,,"",,,,,,,,IK,9/25/2023 1:56:17 PM
both,old_trees,suspiciousPositiveGrowth,204511,1,2011,libe,747770.091149597,4308732.02046838,-78.1432105362067,38.8925419184452,9.7,16.6,13,1.3,J,A,"","",25,LI,"","",1,0,"",,,,"",,,,,,,,IK,9/25/2023 2:46:05 PM
both,old_trees,suspiciousPositiveGrowth,204542,1,2011,libe,747761.57698165,4308728.22192337,-78.1433099608153,38.8925101308805,1.1,13,15,1.3,M,A,"","",31,LI,"","",1,0,"",,,,"",,,,,,,,IK,9/25/2023 2:29:00 PM
both,old_trees,suspiciousPositiveGrowth,204545,1,2011,elum,747771.151414747,4308733.74553006,-78.1431977028775,38.8925571452052,10.8,18.3,20,1.3,M,A,"","",57,LI,M,"",1,0,"",,,,"",,,,,,,,IK,9/25/2023 6:05:20 PM
both,old_trees,suspiciousPositiveGrowth,204575,1,2011,libe,747769.126433805,4308734.79883542,-78.1432206440455,38.892567195929,8.8,19.4,12,1.3,NULL,A,"","",26,LI,"","",1,0,"",,,,"",,,,,,,,IK,9/25/2023 2:39:51 PM
both,old_trees,suspiciousPositiveGrowth,204576,1,2011,libe,747769.519366362,4308735.1080344,-78.143216006045,38.8925698681973,9.2,19.7,12,1.3,NULL,A,"","",25,LI,"","",1,0,"",,,,"",,,,,,,,IK,9/25/2023 2:40:09 PM
both,old_trees,suspiciousPositiveGrowth,204668,1,2014,astr,747765.334473834,4308781.82352085,-78.1432473455339,38.8929915015434,6.1,6.5,11,1.3,NULL,A,"","",28,LI,"","",1,0,"",,,,"",,,,,,,,IK,10/2/2023 3:08:26 PM
both,old_trees,suspiciousPositiveGrowth,204678,1,2013,libe,747767.975100534,4308771.48199821,-78.1432206664824,38.8928976803847,8.5,16.1,11,1.3,NULL,A,"","",27,LI,"","",1,0,"",,,,"",,,,,,,,"IK,KB",9/28/2023 2:12:09 PM
both,old_trees,suspiciousPositiveGrowth,204684,1,2013,libe,747777.126225864,4308773.69489341,-78.1431144766645,38.8929150164826,17.7,18.1,13,1.3,NULL,A,"","",25,LI,"","",1,0,"",,,,"",,,,,,,,IK,10/2/2023 1:39:18 PM
both,old_trees,suspiciousPositiveGrowth,204690,1,2014,libe,747761.712027314,4308778.43857163,-78.1432902867897,38.8929620585175,2.4,3.2,12,1.3,NULL,A,"","",25,LI,"","",1,0,"",,,,"",,,,,,,,IK,10/2/2023 5:20:23 PM
both,old_trees,suspiciousPositiveGrowth,23225,1,0205,libe,747420.511478996,4308597.77433658,-78.1472849050728,38.8914321685759,17.1,10.5,25,1.3,NULL,A,"","",55,LI,"","",1,0,"",,,,"",,,,,,,,EM,9/18/2023 1:33:49 PM
both,old_trees,suspiciousPositiveGrowth,23534,1,0208,caca,747408.829253409,4308657.21931623,-78.1473908127846,38.891971983187,6.8,10.2,22,1.3,NULL,A,"","",43,LI,"","",1,0,"",,,,"",,,,,,,,EM,9/19/2023 7:37:18 PM
both,old_trees,suspiciousPositiveGrowth,23572,1,0207,acne,747420.2021214,4308641.2788685,-78.1472727930668,38.8918238114179,17.8,14,10,1.3,NULL,A,"","",22,LI,"","",1,0,"",,,,"",,,,,,,,EM,9/20/2023 7:58:52 PM
both,old_trees,suspiciousPositiveGrowth,33364,1,0304,libe,747428.152215404,4308570.24418679,-78.1472068307348,38.8911822371134,4.1,2.8,25,1.3,M,A,"","",57,LI,M,"",1,0,"",,,,"",,,,,,,,KB,8/28/2023 2:53:18 PM
both,old_trees,suspiciousPositiveGrowth,33612,1,0307,caca,747431.324869301,4308644.73783932,-78.1471529856921,38.8918338937034,9,17.2,12,1.3,NULL,A,"","",27,LI,"","",1,0,"",,,,"",,,,,,,,KB,9/18/2023 2:15:25 PM
both,old_trees,suspiciousPositiveGrowth,33641,1,0306,libe,747426.799480555,4308624.22733332,-78.147202958068,38.8916684838365,4,16.8,12,1.3,M,A,"","",25,LI,M,"",1,0,"",,,,"",,,,,,,,KB,9/13/2023 3:56:24 PM
both,old_trees,suspiciousPositiveGrowth,33653,1,0308,caca,747433.645345773,4308648.19260255,-78.1471154828341,38.8918822516176,11.4,0.6,13,1.3,NULL,A,"","",31,LI,"","",1,0,"",,,,"",,,,,,,,KB,9/20/2023 6:03:23 PM
both,old_trees,suspiciousPositiveGrowth,33685,1,0306,libe,747434.110787017,4308610.89336175,-78.1471235614023,38.891546415027,11,3.3,16,1.3,NULL,A,"","",33,LI,"L,M","",1,0,"",,,,"",,,,,,,,KB,9/12/2023 7:15:16 PM
both,old_trees,suspiciousPositiveGrowth,33686,1,0306,libe,747432.978604062,4308612.26746573,-78.1471286737097,38.8915970392142,9.9,4.7,11,1.3,NULL,A,"","",22,LI,M,"",1,0,"",,,,"",,,,,,,,KB,9/13/2023 5:51:33 PM
both,old_trees,suspiciousPositiveGrowth,43479,1,0408,libe,747455.702711178,4308658.90720153,-78.1468575954548,38.8919724746944,13.7,10.8,13,1.3,NULL,A,"","",27,LI,M,"",1,0,"",,,,"",,,,,,,,RH,9/22/2023 5:37:00 PM
both,old_trees,suspiciousPositiveGrowth,43551,1,0410,libe,747459.145500005,4308695.89702723,-78.1468046155096,38.892304425306,18,7.7,13,1.3,NULL,A,"","",26,LI,"","",1,0,"",,,,"",,,,,,,,CP,9/19/2023 5:46:59 PM
both,old_trees,suspiciousPositiveGrowth,53829,1,0510,libe,747462.573072473,4308707.67971567,-78.1467608954099,38.8924095082753,1.7,19.4,10,1.3,NULL,A,"","",20,LI,"","",1,0,"",,,,"",,,,,,,,IK,8/25/2023 1:09:10 PM
both,old_trees,suspiciousPositiveGrowth,62475,1,0613,libe,747480.793966991,4308758.71616346,-78.1465326568943,38.8928637207582,1.1,10,13,1.3,NULL,A,"","",26,LI,M,"",1,0,"",,,,"",,,,,,,,CT,5/4/2023 2:21:55 PM
both,old_trees,suspiciousPositiveGrowth,73438,1,0715,caca,747511.264504112,4308799.13393638,-78.1461671666317,38.8932189098459,12.5,9.7,14,1.3,NULL,A,"","",28,LI,"","",1,0,"",,,,"",,,,,,,,CT,6/22/2023 2:51:09 PM
both,old_trees,suspiciousPositiveGrowth,73439,1,0715,libe,747515.947215782,4308804.24394728,-78.1461113947418,38.8932635828698,17.3,14.7,14,1.3,NULL,A,"","",29,LI,"","",1,0,"",,,,"",,,,,,,,"CT,EM",6/22/2023 3:55:31 PM
both,old_trees,suspiciousPositiveGrowth,20485,2,0205,caca,747406.348212052,4308604.64760869,-78.1474455408597,38.8914980184396,3.1,17.7,27,1.3,M,alive,"","",58,LI,"","",1,0,"",,,,"",,,,,,,,IK,9/22/2023 3:00:52 PM
both,old_trees,suspiciousPositiveGrowth,33301,3,0308,caca,747425.436601465,4308661.40572167,-78.1472112009848,38.8920110383306,3.5,14,19,1.3,S,alive,"","",42,LI,"","",1,0,"",,,,"",,,,,,,,KB,9/22/2023 3:56:01 PM
both,old_trees,suspiciousPositiveGrowth,40652,2,0409,havi,747456.970530448,4308673.2404817,-78.1468378289232,38.8921011221015,15.3,5.1,21,1.3,S,alive,"","",53,LI,"","",1,0,"",,,,"",,,,,,,,CP,9/20/2023 3:54:15 PM
both,old_trees,suspiciousPositiveGrowth,40656,2,0409,ceca,747453.124938697,4308670.85061348,-78.146882979135,38.8920806954029,11.4,2.8,15,1.3,M,alive,"","",29,LI,RT,"",1,0,"",,,,"",,,,,,,,CP,9/20/2023 6:11:02 PM
both,old_trees,suspiciousPositiveGrowth,43474,2,0408,libe,747459.264623408,4308660.59028836,-78.1468245500379,38.8919893628426,17.3,12.4,13,1.3,S,alive,"","",28,LI,"","",1,0,"",,,,"",,,,,,,,RH,9/22/2023 3:31:06 PM
both,old_trees,suspiciousPositiveGrowth,50610,5,0512,libe,747478.021479078,4308735.94571527,-78.1465727936217,38.892659559863,17.8,7.3,10,1.3,S,alive,"","",20,LI,"","",1,0,"",,,,"",,,,,,,,KB,7/10/2023 6:47:20 PM
both,old_trees,suspiciousPositiveGrowth,70655,2,0715,acru,747506.094174819,4308806.41595828,-78.1462240865612,38.8932859081898,7.5,17.1,11,1.3,S,alive,"","",29,LI,"","",1,0,"",,,,"",,,,,,,,"CT,EM",6/22/2023 2:29:27 PM
both,old_trees,suspiciousPositiveGrowth,100032,6,1001,libe,747580.340921635,4308516.46038165,-78.1454735454385,38.8906552977908,15,5.5,15,1.3,F;S,alive,"","",34,LI,"","",1,0,"",,,,"",,,,,,,,CP,10/23/2023 1:51:30 PM
both,old_trees,suspiciousPositiveGrowth,100055,3,1001,libe,747577.716318308,4308521.80093007,-78.1455018459514,38.8907041032981,12.5,10.9,13,1.3,F;S,alive,"","",26,LI,"","",1,0,"",,,,"",,,,,,,,CP,10/23/2023 6:29:09 PM
both,old_trees,suspiciousPositiveGrowth,110090,3,1101,libe,747596.002113334,4308522.62536945,-78.145290962012,38.8907063714916,10.8,11.3,13,1.3,F;S,alive,"","",27,LI,"","",1,0,"",,,,"",,,,,,,,EM,10/20/2023 2:25:51 PM
both,old_trees,suspiciousPositiveGrowth,110213,4,1101,libe,747589.542879274,4308512.17270657,-78.14536911722,38.8906141142255,4.1,1,11,1.3,F;S,alive,"","",27,LI,"","",1,0,"",,,,"",,,,,,,,EM,10/19/2023 3:36:04 PM
both,old_trees,suspiciousPositiveGrowth,120016,2,1201,libe,747618.216585531,4308513.6383107,-78.1450383720074,38.8906192253638,12.8,1.8,11,1.3,S,alive,"","",23,LI,"","",1,0,"",,,,"",,,,,,,,CP,8/22/2023 2:22:06 PM
both,old_trees,suspiciousPositiveGrowth,120024,4,1201,libe,747620.383514415,4308515.08897235,-78.1450128948948,38.890631671119,15,3.2,11,1.3,S,alive,"","",22,LI,"","",1,0,"",,,,"",,,,,,,,CP,8/22/2023 3:18:21 PM
both,old_trees,suspiciousPositiveGrowth,120132,3,1202,libe,747616.971374438,4308532.81458379,-78.1450457983666,38.89079216874,12,1,14,1.3,F;DS,stem dead,"","",31,LI,"","",1,0,"",,,,"",,,,,,,,CP,10/20/2023 6:03:57 PM
both,old_trees,suspiciousPositiveGrowth,120358,2,1202,libe,747614.6863353,4308540.76371192,-78.145069247977,38.8908643574168,9.9,9,11,1.3,F;S,alive,"","",22,LI,"","",1,0,"",,,,"",,,,,,,,CP,10/20/2023 3:05:55 PM
both,old_trees,suspiciousPositiveGrowth,121432,3,1214,havi,747613.798701078,4308781.6079302,-78.144992622468,38.8930322803691,14.6,9.8,10,1.3,S,alive,"","",28,LI,"","",1,0,"",,,,"",,,,,,,,CP,10/2/2023 3:40:12 PM
both,old_trees,suspiciousPositiveGrowth,123458,2,1224,astr,747605.32484013,4308978.66438836,-78.1450191513942,38.8948082374615,10.7,7,11,1.3,M,alive,"","",27,LI,"","",1,0,"",,,,"",,,,,,,,CP,9/27/2023 6:53:31 PM
both,old_trees,suspiciousPositiveGrowth,123485,3,1209,libe,747621.547109633,4308676.15931738,-78.1449414122847,38.8920810267417,19.9,4.2,11,1.3,F;S,alive,"","",24,LI,"","",1,0,"",,,,"",,,,,,,,CP,10/4/2023 6:24:09 PM
both,old_trees,suspiciousPositiveGrowth,130008,2,1301,libe,747627.16544476,4308515.94653914,-78.1449344827741,38.8906374779695,1.8,3.9,11,1.3,S,alive,"","",24,LI,"","",1,0,"",,,,"",,,,,,,,EM,8/22/2023 7:09:44 PM
both,old_trees,suspiciousPositiveGrowth,130042,3,1301,libe,747631.808727631,4308522.75609273,-78.1448785527797,38.8906974580863,6.6,10.6,13,1.3,S,alive,"","",27,LI,"","",1,0,"",,,,"",,,,,,,,EM,8/23/2023 3:18:29 PM
both,old_trees,suspiciousPositiveGrowth,130068,3,1301,libe,747629.011791154,4308522.5911614,-78.1449108229498,38.8906967616853,3.8,10.5,10,1.3,S,alive,"","",20,LI,"","",1,0,"",,,,"",,,,,,,,EM,8/22/2023 7:57:43 PM
both,old_trees,suspiciousPositiveGrowth,130293,3,1301,libe,747639.072170106,4308528.72620625,-78.144792751117,38.8907491435593,14,16.4,10,1.3,S,alive,"","",20,LI,"","",1,0,"",,,,"",,,,,,,,EM,8/22/2023 2:29:10 PM
both,old_trees,suspiciousPositiveGrowth,130385,2,1302,libe,747640.721322519,4308543.86854082,-78.1447682989739,38.890884964149,16,11.5,12,1.3,S,alive,"","",25,LI,"","",1,0,"",,,,"",,,,,,,,EM,8/24/2023 6:18:59 PM
both,old_trees,suspiciousPositiveGrowth,130848,4,1305,libe,747637.199554987,4308600.80216141,-78.1447883250778,38.8913983779277,13.8,8.5,10,1.3,F;S,alive,"","",21,LI,"","",1,0,"",,,,"",,,,,,,,KB,10/23/2023 2:26:33 PM
both,old_trees,suspiciousPositiveGrowth,133078,3,1302,libe,747633.557636998,4308533.59958461,-78.1448545021859,38.8907945599902,8.6,1.4,12,1.3,M,alive,"","",28,LI,"","",1,0,"",,,,"",,,,,,,,EM,8/23/2023 7:29:15 PM
both,old_trees,suspiciousPositiveGrowth,133115,2,1302,libe,747640.744747939,4308547.16997282,-78.1447668383118,38.8909146723339,16.1,14.8,12,1.3,J;S,alive,"","",27,LI,"","",1,0,"",,,,"",,,,,,,,EM,8/24/2023 3:43:45 PM
both,old_trees,suspiciousPositiveGrowth,133139,2,1303,libe,747643.707037783,4308553.1403027,-78.1447305706367,38.8909675721549,19.2,0.7,11,1.3,S,alive,"","",23,LI,"","",1,0,"",,,,"",,,,,,,,EM,8/25/2023 3:49:10 PM
both,old_trees,suspiciousPositiveGrowth,133143,6,1303,libe,747640.603448389,4308557.5694937,-78.1447647155875,38.8910083108239,16.2,5.2,12,1.3,J;S;L,alive,"","",26,LI,"","",1,0,"",,,,"",,,,,,,,EM,8/25/2023 3:23:08 PM
both,old_trees,suspiciousPositiveGrowth,133615,2,1302,libe,747628.935881883,4308538.79376112,-78.1449058543602,38.8908426116677,4.1,6.7,10,1.3,S,alive,"","",20,LI,"","",1,0,"",,,,"",,,,,,,,EM,8/23/2023 7:47:16 PM
both,old_trees,suspiciousPositiveGrowth,143051,3,1401,libe,747652.772916616,4308524.54292798,-78.1446364766479,38.8907076314228,7.6,11.9,12,1.3,J;S;L,alive,"","",25,LI,"","",1,0,"",,,,"",,,,,,,,CT,8/18/2023 6:17:12 PM
both,old_trees,suspiciousPositiveGrowth,143070,3,1401,libe,747656.492780166,4308523.72900712,-78.1445939306531,38.8906992578137,11.3,11,10,1.3,S,alive,"","",21,LI,"","",1,0,"",,,,"",,,,,,,,CP,8/16/2023 6:50:46 PM
both,old_trees,suspiciousPositiveGrowth,143551,2,1415,astr,747653.621981007,4308811.23978721,-78.1445232995735,38.8932877525439,15.1,18.5,20,1.3,M,alive,"","",42,LI,"","",1,0,"",,,,"",,,,,,,,IK,6/30/2023 2:27:01 PM
both,old_trees,suspiciousPositiveGrowth,143984,2,1416,libe,747655.954479389,4308822.79701003,-78.1444922681734,38.8933911133953,17.7,10,13,1.3,S,alive,"","",35,LI,"","",1,0,"",,,,"",,,,,,,,IK,7/5/2023 7:03:33 PM
both,old_trees,suspiciousPositiveGrowth,144275,2,1405,libe,747649.861121843,4308598.29522608,-78.1446434124959,38.8913722456096,6.4,5.7,12,1.3,S,alive,"","",24,LI,"","",1,0,"",,,,"",,,,,,,,IK,8/24/2023 5:39:20 PM
both,old_trees,suspiciousPositiveGrowth,150058,2,1501,libe,747678.300852489,4308523.63491364,-78.1443428147784,38.8906922637155,13.1,10.4,15,1.3,S,alive,"","",39,LI,"","",1,0,"",,,,"",,,,,,,,IK,8/16/2023 3:24:22 PM
both,old_trees,suspiciousPositiveGrowth,150061,3,1501,libe,747679.742224421,4308521.86787686,-78.1443268535184,38.8906759541941,14.5,8.6,10,1.3,S,alive,"","",23,LI,"","",1,0,"",,,,"",,,,,,,,IK,8/16/2023 3:19:30 PM
both,old_trees,suspiciousPositiveGrowth,150231,4,1501,libe,747672.655508832,4308516.9021336,-78.1444102575778,38.8906332575799,7.3,3.8,10,1.3,S,alive,"","",20,LI,"","",1,0,"",,,,"",,,,,,,,IK,8/11/2023 7:38:31 PM
both,old_trees,suspiciousPositiveGrowth,150321,4,1501,libe,747678.15911068,4308525.43210902,-78.1443437993306,38.8907084788407,13,12.2,11,1.3,S,alive,"","",30,LI,"","",1,0,"",,,,"",,,,,,,,IK,8/16/2023 3:02:33 PM
both,old_trees,suspiciousPositiveGrowth,150553,6,1503,libe,747684.063901658,4308559.77833993,-78.1442634091012,38.8910159411303,19.7,6.4,13,1.3,S,alive,"","",42,LI,"","",1,0,"",,,,"",,,,,,,,EM,8/16/2023 7:43:09 PM
both,old_trees,suspiciousPositiveGrowth,150562,4,1503,libe,747681.943587488,4308560.62937919,-78.1442875207738,38.8910241986348,17.6,7.3,10,1.3,S,alive,"","",20,LI,"","",1,0,"",,,,"",,,,,,,,EM,8/17/2023 7:17:13 PM
both,old_trees,suspiciousPositiveGrowth,150995,3,1510,libe,747670.188468697,4308696.49322513,-78.1443738945823,38.8922503279842,9,3.4,11,1.3,F;S,alive,"","",22,LI,"","",1,0,"",,,,"",,,,,,,,KB,10/11/2023 6:54:03 PM
both,old_trees,suspiciousPositiveGrowth,151024,2,1510,libe,747670.321785083,4308712.30058236,-78.1443666586459,38.8923925621011,9.5,19.2,13,1.3,F;S,alive,"","",33,LI,"","",1,0,"",,,,"",,,,,,,,KB,10/11/2023 3:08:18 PM
both,old_trees,suspiciousPositiveGrowth,153111,2,1503,libe,747667.589221827,4308558.49579384,-78.1444536012531,38.8910090421709,3.2,5.5,10,1.3,S,alive,"","",20,LI,"","",1,0,"",,,,"",,,,,,,,EM,8/18/2023 6:17:36 PM
both,old_trees,suspiciousPositiveGrowth,153181,2,1504,libe,747680.28664828,4308575.9950749,-78.1443010610671,38.891162962309,16.3,2.7,14,1.3,S,alive,"","",29,LI,"","",1,0,"",,,,"",,,,,,,,KB,8/22/2023 5:31:12 PM
both,old_trees,suspiciousPositiveGrowth,153183,2,1504,libe,747680.06584274,4308576.89019328,-78.1443032817013,38.8911710806559,16.1,3.6,12,1.3,M,alive,"","",25,LI,"","",1,0,"",,,,"",,,,,,,,KB,8/22/2023 5:40:04 PM
both,old_trees,suspiciousPositiveGrowth,153503,2,1504,libe,747668.174107626,4308585.01650055,-78.1444373004139,38.8912475717898,4.4,12,10,1.3,S,alive,"","",21,LI,"","",1,0,"",,,,"",,,,,,,,KB,8/23/2023 5:57:47 PM
both,old_trees,suspiciousPositiveGrowth,153542,2,1504,libe,747664.565364551,4308576.73055019,-78.144481848758,38.8911740130841,0.6,3.8,11,1.3,S,alive,"","",22,LI,"","",1,0,"",,,,"",,,,,,,,KB,8/22/2023 3:35:41 PM
both,old_trees,suspiciousPositiveGrowth,160872,2,1613,libe,747697.053879226,4308754.33206036,-78.144043632631,38.8927633228606,17.2,0.6,14,1.3,S,alive,"","",34,LI,"","",1,0,"",,,,"",,,,,,,,CT,6/27/2023 7:42:44 PM
both,old_trees,suspiciousPositiveGrowth,161083,2,1622,libe,747688.377762406,4308951.48384198,-78.1440724324976,38.8945401934905,13.1,17.9,10,1.3,S,alive,"","",25,LI,M,"",1,0,"",,,,"",,,,,,,,CT,7/11/2023 2:40:04 PM
both,old_trees,suspiciousPositiveGrowth,171315,4,1712,libe,747708.176400998,4308753.48986832,-78.1439158419322,38.8927526072414,8.3,19.5,12,1.3,S,alive,"","",29,LI,"","",1,0,"",,,,"",,,,,,,,RH,10/2/2023 2:31:59 PM
both,old_trees,suspiciousPositiveGrowth,172343,3,1722,vipr,747710.873171932,4308934.70121268,-78.1438194086113,38.8943828030198,15.2,0.6,21,1.3,S,alive,"","",41,LI,"","",1,0,"",,,,"",,,,,,,,"KB,IK",10/3/2023 5:52:15 PM
both,old_trees,suspiciousPositiveGrowth,172343,4,1722,vipr,747710.873171932,4308934.70121268,-78.1438194086113,38.8943828030198,15.2,0.6,14,1.3,S,alive,"","",34,LI,"",Red wire faded to white,1,0,"",,,,"",,,,,,,,"KB,IK",10/3/2023 5:52:15 PM
both,old_trees,suspiciousPositiveGrowth,180074,2,1801,libe,747727.064951437,4308534.3690952,-78.1437773569178,38.8907751285309,2.1,20,13,1.3,S,alive,"","",31,LI,"","",1,0,"",,,,"",,,,,,,,CT,7/18/2023 6:48:40 PM
both,old_trees,suspiciousPositiveGrowth,180096,2,1802,libe,747729.152786597,4308534.91767914,-78.1437531149887,38.8907794775433,4.2,0.5,15,1.3,J;S,alive,"","",29,LI,"","",1,0,"",,,,"",,,,,,,,CT,7/18/2023 7:08:03 PM
both,old_trees,suspiciousPositiveGrowth,180187,5,1802,libe,747734.696023378,4308546.04927426,-78.1436852616568,38.8908781021851,10,11.5,10,1.3,S,alive,"","",21,LI,"","",1,0,"",,,,"",,,,,,,,CT,7/26/2023 6:00:18 PM
both,old_trees,suspiciousPositiveGrowth,180202,5,1801,libe,747741.541624953,4308518.30061911,-78.1436164363703,38.8906264256684,16.2,3.6,26,1.3,L;S,alive,"","",52,LI,"","",1,0,"",,,,"",,,,,,,,CP,7/25/2023 1:34:00 PM
both,old_trees,suspiciousPositiveGrowth,180216,5,1801,libe,747732.386704293,4308533.49232012,-78.1437163864823,38.8907657368962,7.4,19,13,1.3,S,alive,"","",28,LI,"","",1,0,"",,,,"",,,,,,,,CP,7/26/2023 3:04:40 PM
both,old_trees,suspiciousPositiveGrowth,180315,8,1802,libe,747742.817464902,4308553.83978269,-78.1435889209614,38.8909459291815,18.3,19.1,11,1.3,S,alive,"","",22,LI,"","",1,0,"",,,,"",,,,,,,,CT,7/26/2023 7:11:24 PM
both,old_trees,suspiciousPositiveGrowth,180469,4,1802,libe,747730.508959545,4308549.7531342,-78.1437321447148,38.8909126180533,5.9,15.3,16,1.3,S,alive,"","",31,LI,M,"",1,0,"",,,,"",,,,,,,,CT,7/25/2023 7:13:43 PM
both,old_trees,suspiciousPositiveGrowth,180596,2,1804,libe,747726.08130146,4308576.75768367,-78.1437733944261,38.8911569156543,2.1,2.4,14,1.3,J;S,alive,"","",28,LI,"",Has main tag,1,0,"",,,,"",,,,,,,,CT,7/14/2023 7:20:04 PM
both,old_trees,suspiciousPositiveGrowth,180711,2,1804,libe,747737.952569478,4308578.13345896,-78.1436361830966,38.8911659513396,14,3.5,15,1.3,S,alive,"","",29,LI,"","",1,0,"",,,,"",,,,,,,,CT,7/17/2023 7:27:12 PM
both,old_trees,suspiciousPositiveGrowth,180953,5,1811,libe,747721.406576634,4308730.79068978,-78.1437716623869,38.8925445774519,1,16.5,16,1.3,S,alive,"","",33,LI,"","",1,0,"",,,,"",,,,,,,,EM,9/25/2023 2:10:02 PM
both,old_trees,suspiciousPositiveGrowth,180955,3,1811,libe,747725.433565121,4308733.98498277,-78.1437241325382,38.8925721915942,5.1,19.6,13,1.3,S,alive,"","",26,LI,"","",1,0,"",,,,"",,,,,,,,EM,9/27/2023 1:43:15 PM
both,old_trees,suspiciousPositiveGrowth,180984,3,1813,litu,747723.58683421,4308766.15078702,-78.143733797491,38.8928622146211,4,11.8,28,1.3,S,alive,"","",54,LI,"","",1,0,"",,,,"",,,,,,,,EM,9/29/2023 3:21:22 PM
both,old_trees,suspiciousPositiveGrowth,181664,2,1813,libe,747732.828652909,4308768.7658945,-78.1436264174054,38.8928831451995,13.3,14.2,15,1.3,J;S,alive,"","",34,LI,"","",1,0,"",,,,"",,,,,,,,EM,9/28/2023 3:01:02 PM
both,old_trees,suspiciousPositiveGrowth,181669,2,1814,libe,747733.505697481,4308778.38419012,-78.1436151498348,38.8929695222418,14.2,3.8,11,1.3,S,alive,"","",32,LI,"","",1,0,"",,,,"",,,,,,,,EM,10/2/2023 1:53:57 PM
both,old_trees,suspiciousPositiveGrowth,183013,2,1801,libe,747732.579484544,4308529.49571684,-78.1437156085438,38.8907297113883,7.5,15,15,1.3,M,alive,"","",38,LI,"","",1,0,"",,,,"",,,,,,,,CP,7/26/2023 1:40:57 PM
both,old_trees,suspiciousPositiveGrowth,190726,2,1911,tiam,747753.606531659,4308718.23432651,-78.1434053573829,38.892422487064,12.9,3.2,25,1.3,S,alive,"","",57,LI,"","",1,0,"",,,,"",,,,,,,,"KB,BM",9/25/2023 2:12:28 PM
both,old_trees,suspiciousPositiveGrowth,191093,2,1914,libe,747757.132040922,4308781.83323283,-78.1433418078482,38.8929939018199,17.9,6.7,11,1.3,S,alive,"","",22,LI,"","",1,0,"",,,,"",,,,,,,,"BM,KB",10/2/2023 1:47:18 PM
both,old_trees,suspiciousPositiveGrowth,191289,2,1913,libe,747747.584582452,4308757.90529859,-78.1434603962223,38.8927812357951,7.8,3,12,1.3,J;S;L,alive,"","",25,LI,"","",1,0,"",,,,"",,,,,,,,KB,9/27/2023 7:26:25 PM
both,old_trees,suspiciousPositiveGrowth,191455,2,1913,libe,747744.832166889,4308764.44320411,-78.1434731415129,38.892823884277,5.2,9.6,10,1.3,S,alive,"","",21,LI,"","",1,0,"",,,,"",,,,,,,,KB,9/27/2023 6:57:29 PM
both,old_trees,suspiciousPositiveGrowth,201082,5,2013,havi,747778.643506835,4308755.72526691,-78.143103486689,38.8927528568169,18.8,0.1,13,1.3,S,alive,"","",25,LI,"","",1,0,"",,,,"",,,,,,,,IK,9/29/2023 3:33:26 PM
both,old_trees,suspiciousPositiveGrowth,201564,4,2011,libe,747766.889465019,4308727.74503087,-78.1432489508537,38.8925043409581,6.4,12.4,14,1.3,S,alive,"","",29,LI,"","",1,0,"",,,,"",,,,,,,,IK,9/25/2023 2:53:52 PM
both,old_trees,suspiciousPositiveGrowth,204557,2,2012,libe,747775.267415301,4308750.34548607,-78.1431443097191,38.8927053895508,15.3,14.8,10,1.3,S,alive,"","",26,LI,"","",1,0,"",,,,"",,,,,,,,IK,9/27/2023 6:00:42 PM
both,old_trees,deadButNowAlive,101182,1,1015,nysy,747569.183503958,4308794.67640647,-78.145501732608,38.8931624731509,10.3,3.9,91,1.3,DS,D,"","stem not sampled, info automatically filled from previous year info",91,LI,"",Tree living,1,0,"",,,,"",,,,,,,,KB,5/26/2023 4:03:50 PM
both,old_trees,deadButNowAlive,102037,1,1017,astr,747576.205092448,4308845.55301527,-78.1454025217715,38.8936184000834,18.5,14.6,,1.3,DN,D,"","",22,LI,DV,Tree living,1,0,"",,,,"",,,,,,,,KB,6/1/2023 3:04:26 PM
both,old_trees,deadButNowAlive,102316,1,1024,cagl,747567.946937634,4308985.89920467,-78.1454416028917,38.8947898020612,13.5,15.1,,1.3,DN,D,"","stem not sampled, info automatically filled from previous year info",197,LI,DV,"Tree living, was mapped wrong. Needs mortality",1,0,"",,,,"",,,,,,,,"KB,CP",7/14/2023 5:20:44 PM
both,old_trees,deadButNowAlive,102324,1,1024,ceca,747564.731559841,4308986.52475854,-78.1454838308771,38.8948904235268,10.3,15.8,75,1.3,DS,D,"","stem not sampled, info automatically filled from previous year info",86,LI,DV,Tree living.,1,0,"",,,,"",,,,,,,,KB,6/2/2023 7:15:10 PM
both,old_trees,deadButNowAlive,103389,1,1017,astr,747571.866378691,4308838.55047552,-78.1454550148128,38.8935565975969,14,7.7,,1.3,DN,D,"","",31,LI,DV,Tree living,1,0,"",,,,"",,,,,,,,KB,5/31/2023 5:39:33 PM
both,old_trees,deadButNowAlive,111388,1,1116,ceoc,747587.554112986,4308817.70880052,-78.145281857421,38.893364595204,9.2,6.5,,1.3,DN,D,"","",70,LI,DV,Itâ€™s alive,1,0,"",,,,"",,,,,,,,CT,5/26/2023 7:32:01 PM
both,old_trees,deadButNowAlive,112156,1,1120,cagl,747578.181844648,4308902.61423196,-78.1453591816332,38.8941314116581,1.8,11.6,,,DC,D,"","",96,LI,DV,Alive,1,0,"",,,,"",,,,,,,,CT,6/1/2023 7:13:39 PM
both,old_trees,deadButNowAlive,120195,1,1202,libe,747608.767053859,4308541.52659411,-78.145137140828,38.8908728918228,4,9.9,,,F;DC,G,"","",15,LI,"","",1,0,"",,,,"",,,,,,,,CP,10/23/2023 2:18:55 PM
both,old_trees,deadButNowAlive,120261,1,1201,cofl,747609.69378626,4308523.14314593,-78.1451330966243,38.8907071734667,4.5,11.5,116,1.3,F;I,A,DS,"",109,LI,I,"",1,1,AU,2,90,90,"K,W",,1,,1,,,,CP,10/23/2023 3:32:10 PM
both,old_trees,deadButNowAlive,120283,1,1201,libe,747613.227643209,4308521.72474716,-78.1450929114017,38.8906934111303,8,10,,,F;DN,G,"","",17,LI,"","",1,0,"",,,,"",,,,,,,,CP,10/23/2023 3:44:27 PM
both,old_trees,deadButNowAlive,120357,1,1202,libe,747614.516774335,4308543.76058481,-78.1450701193408,38.8908913778966,9.8,12,,,F;DN,G,"","",27,LI,M,"",1,0,"",,,,"",,,,,,,,CP,10/20/2023 2:54:42 PM
both,old_trees,deadButNowAlive,120405,1,1202,libe,747605.019331163,4308543.54019153,-78.145179575431,38.8908920708052,0.3,12,17,1.3,F;DS,G,"","",15,LI,"","",1,0,"",,,,"",,,,,,,,CP,10/23/2023 2:08:20 PM
both,old_trees,deadButNowAlive,120432,1,1202,libe,747609.736851768,4308547.15060638,-78.1451239445774,38.8909232361114,5.1,15.5,,,F;DC,G,"","",13,LI,"","",1,0,"",,,,"",,,,,,,,CP,10/20/2023 2:06:12 PM
both,old_trees,deadButNowAlive,120541,1,1203,libe,747606.3036063,4308561.47481273,-78.1451583185928,38.8910531257938,2,9.9,22,1.3,F;DS,G,"","",13,LI,"","",1,0,"",,,,"",,,,,,,,CP,10/18/2023 7:57:10 PM
both,old_trees,deadButNowAlive,120584,1,1203,libe,747606.524647966,4308564.88085744,-78.1451545456679,38.8910837197888,2.3,13.3,,1.3,F;DC,G,"","",17,LI,"","",1,0,"",,,,"",,,,,,,,CP,10/18/2023 7:32:00 PM
both,old_trees,deadButNowAlive,120612,1,1203,libe,747624.18675679,4308553.78762023,-78.1449551395061,38.8909788991447,19.7,1.8,,1.3,F;R,D,"","",12,LI,"","",1,0,"",,,,"",,,,,,,,CP,10/20/2023 3:43:44 PM
both,old_trees,deadButNowAlive,120662,1,1203,libe,747619.262988616,4308563.3759729,-78.1450083871225,38.8910665853016,15,11.5,,1.3,F;R,D,"","",10,LI,"","",1,0,"",,,,"",,,,,,,,CP,10/18/2023 6:20:27 PM
both,old_trees,deadButNowAlive,120782,1,1205,libe,747605.807789846,4308595.77254102,-78.1451516620591,38.8913619556135,2.3,4.2,,,F;DN,G,"","",29,LI,"","",1,0,"",,,,"",,,,,,,,CP,10/13/2023 7:21:04 PM
both,old_trees,deadButNowAlive,120828,1,1204,libe,747623.700220053,4308587.68545618,-78.1449485207018,38.8912841277425,20,15.7,,,F;DN,D,"","",26,LI,M,"",1,0,"",,,,"",,,,,,,,"KB,CP",10/18/2023 3:48:03 PM
both,old_trees,deadButNowAlive,120842,1,1205,ceca,747623.419282493,4308595.48103672,-78.1449489438037,38.891354368667,19.9,3.5,,,F;DN,G,"","",51,LI,"","",1,0,"",,,,"",,,,,,,,CP,10/19/2023 2:06:42 PM
both,old_trees,deadButNowAlive,120864,1,1205,libe,747623.291686387,4308600.97955646,-78.1449484308627,38.8914038938608,19.9,9,,,F;DC,G,"","",21,LI,"","",1,0,"",,,,"",,,,,,,,CP,10/13/2023 6:14:38 PM
both,old_trees,deadButNowAlive,120883,1,1205,libe,747615.394048717,4308605.09744514,-78.1450378994416,38.8914431814589,12.1,13.3,,,F;DN,G,"","",32,LI,"","",1,0,"",,,,"",,,,,,,,CP,10/11/2023 7:25:23 PM
both,old_trees,deadButNowAlive,120886,1,1205,ceca,747612.35541734,4308606.72738973,-78.145079703429,38.8914381179138,9.1,15,,,F;DN,D,"","",27,LI,M,"",1,0,"",,,,"",,,,,,,,"KB,CP",10/13/2023 2:06:29 PM
both,old_trees,deadButNowAlive,121020,1,1205,libe,747605.957129837,4308606.57891403,-78.1451316700524,38.8914596047753,2.7,15,,,F;DN,G,"","",22,LI,"","",1,0,"",,,,"",,,,,,,,CP,10/13/2023 2:52:52 PM
both,old_trees,deadButNowAlive,121051,1,1206,libe,747605.602180671,4308621.87479619,-78.1451446174579,38.8915969426491,2.7,10.3,11,1.3,F;DS,G,"","",13,LI,"","",1,0,"",,,,"",,,,,,,,CP,10/13/2023 2:07:04 PM
both,old_trees,deadButNowAlive,121056,1,1206,libe,747609.243176627,4308624.45996049,-78.1451017534577,38.891619183885,6.4,12.8,12,1.3,F;DS,G,"","",10,LI,"","",1,0,"",,,,"",,,,,,,,CP,10/11/2023 7:12:41 PM
both,old_trees,deadButNowAlive,121252,1,1208,ceca,747611.290992106,4308661.21736124,-78.1450649162333,38.891949435027,9.3,9.5,,,F;DC,G,"","",17,LI,M,"",1,0,"",,,,"",,,,,,,,CP,10/11/2023 2:01:18 PM
both,old_trees,deadButNowAlive,121328,1,1113,cofl,747599.28084949,4308764.9666575,-78.1451653989956,38.8928870054183,19.7,13.5,,,DN,D,"","",40,LI,"",Found alive,1,0,"",,,,"",,,,,,,,"CT,KT",9/21/2023 2:51:00 PM
both,old_trees,deadButNowAlive,12204,1,0123,havi,747383.490657514,4308956.01189572,-78.1475821896428,38.8946668493706,8.4,9.5,,1.3,DC,G,"","",39,LI,"","",1,0,"",,,,"",,,,,,,,"RH,IK",4/18/2023 6:59:42 PM
both,old_trees,deadButNowAlive,123175,1,1205,cagl,747607.507980701,4308608.7154677,-78.1451274147331,38.8914779676411,4.3,17.1,,,F;DC,G,"","",24,LI,"","",1,0,"",,,,"",,,,,,,,CP,10/13/2023 2:56:14 PM
both,old_trees,deadButNowAlive,130006,1,1301,libe,747633.417360593,4308518.09215663,-78.1448617084777,38.8906550278762,8.1,5.9,,,DC;R,D,"","",13,LI,"","",1,0,"",,,,"",,,,,,,,EM,8/23/2023 6:47:34 PM
both,old_trees,deadButNowAlive,130313,1,1301,libe,747640.590551958,4308532.26238336,-78.1447739889078,38.8907805424618,15.6,19.9,,,DS,G,"","",24,LI,"","",1,0,"",,,,"",,,,,,,,CT,8/18/2023 7:48:04 PM
both,old_trees,deadButNowAlive,131161,1,1312,litu,747620.63180826,4308737.15449926,-78.1449294386091,38.89263189395,0.4,5.2,,1.3,F;DC,D,"","stem not sampled, info automatically filled from previous year info",460,LI,DV,Tree pressed against fence post - DBH represents best estimate,1,0,"",,,,"",,,,,,,,RH,6/27/2023 6:48:02 PM
both,old_trees,deadButNowAlive,131221,1,1313,caovl,747635.693810066,4308756.20904537,-78.1447496219855,38.8927975113218,15.9,3.9,245,1.3,L,A,DC,"",258,LI,"P,RT",Tree pressed against the ground - DBH represents best estimate,1,0,"",,,,"",,,,,,,,RH,7/5/2023 4:29:02 PM
both,old_trees,deadButNowAlive,131259,1,1314,astr,747632.052223228,4308788.13315519,-78.1447800478964,38.8930858658958,13,15.9,,1.3,DS,D,"","",31,LI,DV,"",1,0,"",,,,"",,,,,,,,RH,7/6/2023 3:32:03 PM
both,old_trees,deadButNowAlive,131316,1,1315,fagr,747628.500032742,4308794.6525115,-78.1448186062677,38.8931455426044,9.6,2.5,189,1.3,P,A,DC,"",192,LI,P,"",1,0,"",,,,"",,,,,,,,RH,7/7/2023 6:36:22 PM
both,old_trees,deadButNowAlive,132442,1,1328,quve,747612.987867705,4309070.86698056,-78.1448976416608,38.8956359294587,0.5,19,,1.3,DC,D,"","stem not sampled, info automatically filled from previous year info",571,LI,DV,"",1,0,"",,,,"",,,,,,,,KB,7/11/2023 6:17:03 PM
both,old_trees,deadButNowAlive,133083,1,1302,libe,747634.255118674,4308533.71579697,-78.1448464272323,38.8907954095156,9.3,1.5,,,DC;R,D,"","",10,LI,"","",1,0,"",,,,"",,,,,,,,EM,8/23/2023 7:11:46 PM
both,old_trees,deadButNowAlive,140079,1,1402,cofl,747663.95408501,4308534.10489668,-78.1445042617417,38.8907905409858,19,1.2,,1.3,DC,D,"","stem not sampled, info automatically filled from previous year info",21,LI,"L,M","",1,0,"",,,,"",,,,,,,,RH,8/23/2023 6:40:32 PM
both,old_trees,deadButNowAlive,140207,1,1401,libe,747657.48977883,4308515.24985471,-78.1445855071581,38.8906226619134,12.1,2.5,,1.3,DS;R,D,"","",11,LI,"","",1,0,"",,,,"",,,,,,,,CP,8/16/2023 2:21:28 PM
both,old_trees,deadButNowAlive,140444,1,1403,libe,747654.606424088,4308553.2932019,-78.1445565077318,38.8909585525138,10.1,0.6,,1.3,DN,D,"","",15,LI,L,"",1,0,"",,,,"",,,,,,,,"IK,RH",8/23/2023 7:45:00 PM
both,old_trees,deadButNowAlive,140891,1,1415,astr,747641.689500547,4308795.25865095,-78.1446664874011,38.8931472807475,2.8,2.8,,1.3,X;DS,G,"","",28,LI,DV,"",1,0,"",,,,"",,,,,,,,IK,6/29/2023 5:51:42 PM
both,old_trees,deadButNowAlive,140931,1,1408,quve,747657.352839412,4308659.08538968,-78.1445352104189,38.8919172647174,15.3,6.3,425,1.3,F,A,DS,No tag. Right tree?,450,LI,"","",1,1,AU,3,97,55,DF,0,,,,,,,IK,10/12/2023 2:53:40 PM
both,old_trees,deadButNowAlive,142071,1,1418,astr,747649.78637441,4308868.76629652,-78.144546724901,38.893806589884,12.6,16.1,,,DN,D,"","",20,LI,DV,"",1,0,"",,,,"",,,,,,,,IK,7/7/2023 2:55:41 PM
both,old_trees,deadButNowAlive,142223,1,1420,astr,747641.113840865,4308906.27517502,-78.1445413547591,38.8940399824238,4.8,13.8,,,DN,D,"","",29,LI,DV,"",1,0,"",,,,"",,,,,,,,IK,7/12/2023 1:57:29 PM
both,old_trees,deadButNowAlive,143041,1,1401,libe,747649.990105848,4308528.07932053,-78.1446672493246,38.8907402441545,4.9,15.5,21,1.3,DS,G,"","",23,LI,"","",1,0,"",,,,"",,,,,,,,CT,8/18/2023 6:44:40 PM
both,old_trees,deadButNowAlive,143268,1,1405,libe,747644.658529904,4308611.27802382,-78.1446986462849,38.8914905614589,1.5,18.8,,,F;DS,G,"","",0,LI,"",BR,1,0,"",,,,"",,,,,,,,EM,10/18/2023 7:44:18 PM
both,old_trees,deadButNowAlive,143346,1,1408,libe,747652.949167638,4308654.88209634,-78.1445874411506,38.8918806748522,10.8,2.2,,,F;DS;R,D,"","",10,LI,"",JW,1,0,"",,,,"",,,,,,,,EM,10/17/2023 6:20:49 PM
both,old_trees,deadButNowAlive,150194,1,1502,libe,747669.109029093,4308544.72734665,-78.1444410643767,38.8908846928478,4.4,11.7,,1.3,DN,D,"","",23,LI,DV,Tree living,1,0,"",,,,"",,,,,,,,KB,8/21/2023 3:14:14 PM
both,old_trees,deadButNowAlive,151100,1,1515,vipr,747667.580425564,4308800.26066832,-78.1443665040855,38.8931850026134,8.8,7.2,,1.3,DC,G,"","",38,LI,L,"",1,0,"",,,,"",,,,,,,,KB,6/27/2023 2:11:07 PM
both,old_trees,deadButNowAlive,152044,1,1518,qupr,747662.052256751,4308857.44780005,-78.1444095423248,38.8937012621677,4.6,4.5,434,1.3,M,A,DS,"",471,LI,RT,Stems switched in past mortality census,1,1,A,3,95,93,"",1,,,,,,,KB,6/28/2023 3:19:00 PM
both,old_trees,deadButNowAlive,152120,1,1519,astr,747657.180371315,4308882.04140488,-78.1444567811036,38.8939239857633,0.3,9.2,,,DC,G,"","",45,LI,DV,Tree living,1,0,"",,,,"",,,,,,,,KB,6/29/2023 6:12:45 PM
both,old_trees,deadButNowAlive,152431,1,1523,acru,747655.31241605,4308953.91741433,-78.1444523685393,38.8945714180398,0.1,1.1,240,1.3,P,A,DC,"",234,LI,"P,DV","",1,0,"",,,,"",,,,,,,,KB,7/6/2023 6:57:13 PM
both,old_trees,deadButNowAlive,152535,1,1526,amar,747657.673469482,4309024.59121023,-78.1443996832222,38.8952068378301,4.1,11.7,104,1.3,M,A,DC,"",106,LI,P,"",1,0,"",,,,"",,,,,,,,KB,7/7/2023 5:54:54 PM
both,old_trees,deadButNowAlive,153203,1,1505,libe,747680.141161128,4308595.19686766,-78.1442958104049,38.8913358253521,16.6,1.9,17,1.3,DS,D,"","",18,LI,"",Tree living,1,0,"",,,,"",,,,,,,,KB,8/23/2023 7:19:07 PM
both,old_trees,deadButNowAlive,153412,1,1520,astr,747668.287528336,4308899.10366519,-78.1443227066811,38.8940744205361,11.8,6,,,DT,D,"","",32,LI,"A,RT","",1,0,"",,,,"",,,,,,,,KB,6/30/2023 3:30:26 PM
both,old_trees,deadButNowAlive,160361,1,1602,libe,747702.548758337,4308543.4027682,-78.1440564364352,38.8908633456389,17.8,9.6,32,1.2,DS,D,"","",38,LI,M,Alive,1,0,"",,,,"",,,,,,,,CT,8/11/2023 7:13:44 PM
both,old_trees,deadButNowAlive,162070,1,1619,astr,747684.736276911,4308892.88358043,-78.1441355113124,38.8940138007276,8.1,19.4,,1.3,DN,D,"","",38,LI,M,"",1,0,"",,,,"",,,,,,,,CT,7/5/2023 2:56:54 PM
both,old_trees,deadButNowAlive,162224,1,1621,astr,747689.076071321,4308921.39193332,-78.1440752460373,38.8942691603181,13.1,7.8,,1.3,DN,D,"","",43,LI,DV,Alive,1,0,"",,,,"",,,,,,,,CT,7/7/2023 2:22:29 PM
both,old_trees,deadButNowAlive,162260,1,1622,ceca,747679.053871896,4308935.16313177,-78.1441857037408,38.8943959305135,3.4,1.8,173,1.3,J,A,DC,"",184,LI,P,Mortality?,1,0,"",,,,"",,,,,,,,CT,7/10/2023 6:10:04 PM
both,old_trees,deadButNowAlive,171093,1,1703,libe,747707.385902112,4308567.72153166,-78.1439919580652,38.8910808579375,3.2,13.8,,1.3,DS,G,"","",25,LI,DV,"",1,0,"",,,,"",,,,,,,,EM,9/1/2023 3:56:42 PM
both,old_trees,deadButNowAlive,180141,1,1802,ulru,747727.372262744,4308542.67846098,-78.1437708207731,38.8908498287416,2.6,8.3,166,1.3,L;X;R,D,"","stem not sampled, info automatically filled from previous year info",171,LI,B,Alive; Unsure if species ID is correct,1,0,"",,,,"",,,,,,,,CT,7/25/2023 5:36:00 PM
both,old_trees,deadButNowAlive,180327,1,1803,libe,747736.691287499,4308554.89794451,-78.1436590910408,38.8909571799564,12.2,0.3,,1.3,DN,G,"","",31,LI,C,Stem living,1,0,"",,,,"",,,,,,,,KB,7/19/2023 3:50:36 PM
both,old_trees,deadButNowAlive,180881,1,1803,fram,747742.174206121,4308568.62883987,-78.143590994264,38.8910792162114,18,13.9,141,1.3,P,A,DC,"",144,LI,L,Needs mortality?,1,0,"",,,,"",,,,,,,,KB,7/18/2023 7:45:34 PM
both,old_trees,deadButNowAlive,180971,1,1812,fram,747722.025839339,4308747.20946518,-78.1437586080639,38.8926921771818,2,12.9,116,1.3,DS,D,AU,"",126,LI,"","",1,1,AU,1,50,40,"W,LF,I",0,2,,,,,,EM,9/27/2023 7:33:08 PM
both,old_trees,deadButNowAlive,183051,1,1801,libe,747738.468390774,4308525.73132215,-78.1436491476086,38.8906941704047,13.3,11.1,24,1.3,DS,G,"","",27,LI,M,"",1,0,"",,,,"",,,,,,,,CP,7/25/2023 2:30:50 PM
both,old_trees,deadButNowAlive,190482,1,1908,libe,747760.657948542,4308668.68457858,-78.1433420279999,38.8919745364595,18.8,13.5,,1.3,DN,G,"","",27,LI,M,"",1,0,"",,,,"",,,,,,,,CP,8/3/2023 3:38:31 PM
both,old_trees,deadButNowAlive,190494,1,1909,libe,747749.384641138,4308676.02503144,-78.1434692087392,38.8920437810656,7.7,1.1,,,DC,G,"","",59,LI,"","",1,0,"",,,,"",,,,,,,,EM,8/3/2023 1:28:14 PM
both,old_trees,deadButNowAlive,190685,1,1909,libe,747752.893175234,4308680.00748879,-78.143427365224,38.8920786354688,11.3,5,,,DN,G,"","",29,LI,"","",1,0,"",,,,"",,,,,,,,EM,8/2/2023 7:00:16 PM
both,old_trees,deadButNowAlive,190792,1,1914,fram,747753.97677469,4308775.55834407,-78.1433804102442,38.8929383158717,14.6,0.5,69,1.3,DS,D,"","stem not sampled, info automatically filled from previous year info",80,LI,"","",1,0,"",,,,"",,,,,,,,"BM,KB",10/2/2023 1:55:26 PM
both,old_trees,deadButNowAlive,193499,1,1906,libe,747759.395585909,4308623.94325099,-78.1433727081778,38.8915722073238,16.5,8.8,,1.3,DN,D,"","",22,LI,"M,DV",Alive with t,1,0,"",,,,"",,,,,,,,IK,8/1/2023 2:42:12 PM
both,old_trees,deadButNowAlive,193719,1,1908,libe,747752.031775602,4308656.78125382,-78.1434456657105,38.8918698360036,9.9,1.8,17,1.3,DS,G,"","",16,LI,"","",1,0,"",,,,"",,,,,,,,CP,8/2/2023 3:25:02 PM
both,old_trees,deadButNowAlive,202599,1,2032,astr,747752.998363509,4309153.9374725,-78.1432551400008,38.896344115644,2.4,18.8,,,DC,G,"","",0,LI,"",Found alive,2,0,"",,,,"",,,,,,,,KT,9/11/2023 3:02:03 PM
both,old_trees,deadButNowAlive,22272,1,0224,vipr,747404.934480727,4308971.61358627,-78.1473295987259,38.8948012312822,10.2,4.6,,1.3,DC;R,D,"","stem not sampled, info automatically filled from previous year info",82,LI,"DV,M","",1,0,"",,,,"",,,,,,,,DM,5/16/2023 5:53:40 PM
both,old_trees,deadButNowAlive,22618,1,0232,litu,747399.37435996,4309133.62819998,-78.147335252628,38.8962609812997,8.4,6.7,,,DN,D,"","stem not sampled, info automatically filled from previous year info",400,LI,DV,This is the problem tree. The data for it last year was recorded in 22616.,1,0,"",,,,"",,,,,,,,IK,7/6/2023 5:38:17 PM
both,old_trees,deadButNowAlive,41020,1,0416,fagr,747457.547126303,4308812.19124549,-78.1467811128278,38.893351561281,19.1,4,,1.3,DN,D,"","stem not sampled, info automatically filled from previous year info",102,LI,"DV,RT",Stems 1 and 2 fused below 1.3,1,0,"",,,,"",,,,,,,,"IK,EM",7/7/2023 6:41:44 PM
both,old_trees,deadButNowAlive,42532,1,0430,cato,747435.595151627,4309094.3578975,-78.1469322406916,38.8958973351222,3.7,6.6,,1.3,DC,D,"","stem not sampled, info automatically filled from previous year info",80,LI,"DV,P",Alive tho crushed,1,0,"",,,,"",,,,,,,,CT,5/17/2023 6:05:39 PM
both,old_trees,deadButNowAlive,43154,1,0410,astr,747444.963025235,4308690.66659614,-78.1469698354049,38.8922613444236,3.7,2.8,,,X;R,D,"","",0,LI,B,"",1,0,"",,,,"",,,,,,,,CP,9/19/2023 6:33:07 PM
both,old_trees,deadButNowAlive,50569,1,0515,fagr,747460.617588296,4308796.25818982,-78.1467514926962,38.8932072937865,1.8,8,,1.3,DN,D,"","stem not sampled, info automatically filled from previous year info",88,LI,"P,DV",Tree living.,1,0,"",,,,"",,,,,,,,KB,5/24/2023 1:23:32 PM
both,old_trees,deadButNowAlive,50611,1,0512,ulru,747478.433186967,4308739.75630219,-78.1465666787893,38.8926937406557,18.3,11.1,,1.3,DC,D,"","stem not sampled, info automatically filled from previous year info",67,LI,DV,Alive.,1,0,"",,,,"",,,,,,,,KB,5/24/2023 1:25:49 PM
both,old_trees,deadButNowAlive,50632,1,0513,astr,747479.548107737,4308764.98893867,-78.1465510822298,38.892919575251,20,16.3,,1.3,DN,G,"","",60,LI,DV,Alive.,1,0,"",,,,"",,,,,,,,KB,5/24/2023 1:26:17 PM
both,old_trees,deadButNowAlive,50666,1,0516,acru,747469.508881325,4308809.66808066,-78.1466442608264,38.8933254835182,11,1.2,145,1.2,A,A,DC,"",146,LI,L,"",1,0,"",,,,"",,,,,,,,KB,5/24/2023 1:27:07 PM
both,old_trees,deadButNowAlive,52224,1,0523,acru,747469.504846258,4308960.70863807,-78.1465898695633,38.8946848974462,14.5,12.2,,1.3,DN,D,"","",55,LI,RT,Possibly new stem of old individual - need to check past data,1,0,"",,,,"",,,,,,,,KB,7/11/2023 2:27:25 PM
both,old_trees,deadButNowAlive,53120,1,0515,elum,747476.441607531,4308804.02737686,-78.1465664514789,38.8932727623398,17.8,15.4,,1.3,DC,G,"","",39,LI,M,Alive,1,0,"",,,,"",,,,,,,,KB,5/24/2023 1:28:07 PM
both,old_trees,deadButNowAlive,53153,1,0515,libe,747460.024925698,4308800.24551361,-78.1467568816857,38.8932433481024,1.3,12,,1.3,DC,G,"","",25,LI,"","Under fallen tree, south of 53811",1,0,"",,,,"",,,,,,,,KB,5/5/2023 2:56:00 PM
both,old_trees,deadButNowAlive,60134,1,0607,quve,747500.831467176,4308640.94932354,-78.1463443377971,38.8917981371944,18.4,11.8,530,1.3,F,A,DC,Pile of trees on ground â€¦ this may be one,564,LI,"","Mortality: A, crown 3, intact 95, living 90, no lianas",1,0,"",,,,"",,,,,,,,IK,10/10/2023 1:49:02 PM
both,old_trees,deadButNowAlive,60496,1,0616,caca,747485.035517594,4308821.63148745,-78.146461131221,38.89342878418,6.8,12.8,,1.3,DC,D,"","",31,LI,"",Alive,1,0,"",,,,"",,,,,,,,CT,5/8/2023 5:26:23 PM
both,old_trees,deadButNowAlive,80778,1,0816,ceca,747519.963037349,4308816.54041097,-78.1460619999796,38.8934731165619,1.6,6.9,,1.3,DS,D,"","stem not sampled, info automatically filled from previous year info",132,LI,DV,"",1,0,"",,,,"",,,,,,,,"RH,EM",7/12/2023 2:37:06 PM
both,old_trees,deadButNowAlive,90705,1,0915,acru,747558.723881054,4308801.43556978,-78.1456309561159,38.8932259644931,20,10.9,,,DN,D,"","stem not sampled, info automatically filled from previous year info",92,LI,DV,Actually alive,1,0,"",,,,"",,,,,,,,IK,6/12/2023 1:20:11 PM
both,old_trees,deadButNowAlive,90706,1,0915,libe,747555.255413921,4308808.65706739,-78.145657098875,38.8932922286969,16.7,18.2,,1.3,DS;WR,G,"","",49,LI,DV,Tree still alive wire was never removed?,1,0,"",,,,"",,,,,,,,IK,5/31/2023 2:25:24 PM
both,old_trees,deadButNowAlive,92324,1,0923,astr,747551.30623628,4308965.90776169,-78.1456393732333,38.8947133217465,16.4,15.5,,,DN,D,"","",16,LI,DV,"",1,0,"",,,,"",,,,,,,,IK,6/2/2023 5:29:01 PM
both,old_trees,deadButNowAlive,92376,1,0924,litu,747544.662488308,4308984.95876882,-78.1457155323689,38.8948819833022,10.2,14.7,,,DS,D,"","stem not sampled, info automatically filled from previous year info",374,LI,"RT,DV,B,C",Main stem is dead and broken above 1.3 but there is a large living stem sprouting from about 2.5 m,1,0,"",,,,"",,,,,,,,"IK,EM",7/13/2023 5:08:29 PM
both,old_trees,deadButNowAlive,20356,3,0205,libe,747409.082068181,4308598.90948786,-78.1474161228432,38.8914456042502,5.7,11.9,,,DN,stem dead,"","",35,LI,"","",1,0,"",,,,"",,,,,,,,IK,9/22/2023 6:06:42 PM
both,old_trees,deadButNowAlive,22244,2,0223,ulam,747409.45603686,4308962.11591697,-78.147280946889,38.8947144754232,14.5,15,,,DN,stem dead,"","stem not sampled, info automatically filled from previous year info",66,LI,"A,DV","",1,0,"",,,,"",,,,,,,,DM,5/15/2023 4:57:25 PM
both,old_trees,deadButNowAlive,22272,2,0224,vipr,747404.934480727,4308971.61358627,-78.1473295987259,38.8948012312822,10.2,4.6,,1.3,DC,stem dead,"","",23,LI,"","",1,0,"",,,,"",,,,,,,,DM,5/16/2023 5:53:40 PM
both,old_trees,deadButNowAlive,22372,2,0227,havi,747396.386436571,4309033.93202006,-78.1474055916481,38.8953645244204,3.1,7.1,,,DC,stem dead,"","",32,LI,DV,"",1,0,"",,,,"",,,,,,,,DM,6/9/2023 1:22:24 PM
both,old_trees,deadButNowAlive,32112,2,0320,astr,747428.092299582,4308904.73283099,-78.1470869908307,38.8941927606547,11.8,17.2,,1.3,DC;TR,stem dead,"","",13,LI,"","",1,0,"",,,,"",,,,,,,,CT,5/19/2023 6:45:39 PM
both,old_trees,deadButNowAlive,40957,5,0414,ilve,747442.754236283,4308781.5398214,-78.1469625266622,38.8930798544684,3.6,13.7,,,S;X,broken below,"","",11,LI,"X,DV",Broken but part still growing up,1,0,"",,,,"",,,,,,,,IK,9/8/2023 7:06:05 PM
both,old_trees,deadButNowAlive,41020,3,0416,fagr,747457.547126303,4308812.19124549,-78.1467811128278,38.893351561281,19.1,4,,,DN,stem dead,"","",41,LI,DV,Alive,1,0,"",,,,"",,,,,,,,"IK,EM",7/7/2023 6:41:44 PM
both,old_trees,deadButNowAlive,42118,3,0420,tiam,747439.695921217,4308900.40086089,-78.1469549133747,38.8941505045226,3.3,12.6,,1.3,DN,stem dead,"","",26,LI,"RT,DV",Right next to havi,1,0,"",,,,"",,,,,,,,IK,5/15/2023 4:20:24 PM
both,old_trees,deadButNowAlive,60597,2,0616,vipr,747494.062822154,4308811.9383057,-78.1463606600832,38.8933389992232,15.6,2.9,,1.3,DN,stem dead,"","",22,LI,"",Has ID tag,1,0,"",,,,"",,,,,,,,CT,5/8/2023 1:56:05 PM
both,old_trees,deadButNowAlive,90600,3,0914,havi,747557.853633503,4308787.21157241,-78.1456349078117,38.8930984797541,18.8,16.7,,1.3,DN,stem dead,"","",40,LI,DV,Blue wire on living stem found in the field,1,0,"",,,,"",,,,,,,,IK,5/26/2023 6:47:45 PM
both,old_trees,deadButNowAlive,90669,3,0914,havi,747541.404257226,4308780.52813975,-78.1458267600528,38.8930429610146,2.2,10.4,,1.3,DS;WR,stem dead,"","",36,LI,DV,Not sure why this was marked dead wire removed; was found in field with a blue wire and the tree tag,1,0,"",,,,"",,,,,,,,IK,5/26/2023 5:46:24 PM
both,old_trees,deadButNowAlive,90681,2,0914,havi,747548.449193864,4308787.29340809,-78.1457431871091,38.8931018658649,9.4,17,,1.3,DN,stem dead,"","stem not sampled, info automatically filled from previous year info",68,LI,DV,Alive had white wire in field,1,0,"",,,,"",,,,,,,,IK,5/26/2023 7:01:18 PM
both,old_trees,deadButNowAlive,90681,4,0914,havi,747548.449193864,4308787.29340809,-78.1457431871091,38.8931018658649,9.4,17,,,DN,stem dead,"","",45,LI,DV,Red wire on stem very much alive,1,0,"",,,,"",,,,,,,,IK,5/26/2023 7:01:18 PM
both,old_trees,deadButNowAlive,111271,2,1115,havi,747598.506415404,4308806.95999325,-78.1451595976533,38.8932647665342,19.9,15.5,,1.3,DS,stem dead,"","",55,LI,"DV,C",It is alive,1,0,"",,,,"",,,,,,,,CT,5/26/2023 4:03:28 PM
both,old_trees,deadButNowAlive,113280,4,1116,astr,747588.635463401,4308822.83527682,-78.1452675544466,38.8934104308614,10.4,11.6,13,1.3,DS,stem dead,"","",13,LI,DV,Alive,1,0,"",,,,"",,,,,,,,CT,5/31/2023 3:33:52 PM
both,old_trees,deadButNowAlive,120085,2,1201,libe,747619.075232973,4308528.3621935,-78.1450231752041,38.8907515033633,14,16.5,,,F;DN,stem dead,"","",13,LI,"","",1,0,"",,,,"",,,,,,,,CP,10/20/2023 6:57:14 PM
both,old_trees,deadButNowAlive,120092,3,1201,libe,747619.179629786,4308523.86340463,-78.1450235947198,38.8907109826984,14,12,11,1.3,F;DS,stem dead,"","",16,LI,"","",1,0,"",,,,"",,,,,,,,CP,10/20/2023 7:09:17 PM
both,old_trees,deadButNowAlive,120110,5,1201,libe,747609.243071605,4308529.63443673,-78.1451359469741,38.8907657236663,8.5,18,11,1.3,F;DS,stem dead,"","",11,LI,"","",1,0,"",,,,"",,,,,,,,CP,10/20/2023 6:19:26 PM
both,old_trees,deadButNowAlive,120124,3,1202,libe,747607.185611654,4308532.0873653,-78.1451587569873,38.8907883811879,2.2,0.5,,,F;DN,stem dead,"","",20,LI,"","",1,0,"",,,,"",,,,,,,,CP,10/20/2023 7:48:54 PM
both,old_trees,deadButNowAlive,120132,3,1202,libe,747616.971374438,4308532.81458379,-78.1450457983666,38.89079216874,12,1,14,1.3,F;DS,stem dead,"","",31,LI,"","",1,0,"",,,,"",,,,,,,,CP,10/20/2023 6:03:57 PM
both,old_trees,deadButNowAlive,120167,8,1202,libe,747612.544729501,4308533.91218417,-78.1450963815856,38.8908032950812,7.6,2.2,,,F;DC;WR,stem dead,"","",15,LI,"","",1,0,"",,,,"",,,,,,,,CP,10/20/2023 7:12:22 PM
both,old_trees,deadButNowAlive,120182,3,1202,libe,747607.741577649,4308538.3019359,-78.1451501133968,38.890844156904,2.9,6.7,,,F;DN,stem dead,"","",26,LI,"","",1,0,"",,,,"",,,,,,,,CP,10/23/2023 2:22:57 PM
both,old_trees,deadButNowAlive,120226,3,1201,loma,747609.963330308,4308520.1485932,-78.1451310727223,38.8906801459248,4.7,8.5,,,F;DN,stem dead,"","",41,LI,"","",1,0,"",,,,"",,,,,,,,CP,10/23/2023 6:40:45 PM
both,old_trees,deadButNowAlive,120338,2,1202,libe,747620.549958434,4308542.40018427,-78.1450011287492,38.8908774338034,15.8,10.5,,,F;DN,stem dead,"","",21,LI,"","",1,0,"",,,,"",,,,,,,,CP,10/20/2023 1:27:22 PM
both,old_trees,deadButNowAlive,120365,5,1202,libe,747616.718502157,4308543.71165016,-78.1450447814678,38.8908903172135,9.5,9.5,12,1.3,F;DS;WR,stem dead,"","",21,LI,"","",1,0,"",,,,"",,,,,,,,CP,10/20/2023 1:38:19 PM
both,old_trees,deadButNowAlive,120409,2,1202,libe,747606.714233767,4308543.7795765,-78.1451599706042,38.8908937474793,2,12.2,,,F;DN,stem dead,"","",18,LI,"","",1,0,"",,,,"",,,,,,,,CP,10/23/2023 2:09:36 PM
both,old_trees,deadButNowAlive,120589,2,1203,libe,747605.948224872,4308568.16836963,-78.1451599984381,38.8911134705418,1.8,16.6,,,F;DS;WR,stem dead,"","",0,LI,"","",1,0,"",,,,"",,,,,,,,CP,10/18/2023 7:19:27 PM
both,old_trees,deadButNowAlive,120632,3,1203,libe,747614.773253334,4308558.57052088,-78.1450618251899,38.891024599304,10.4,4.9,,,F;DS,stem dead,"","",0,LI,"","",1,0,"",,,,"",,,,,,,,CP,10/20/2023 5:48:15 PM
both,old_trees,deadButNowAlive,120652,2,1203,libe,747622.285380488,4308562.44583991,-78.144973915183,38.8910573615134,18,10.5,,,F;DN,stem dead,"","",10,LI,"","",1,0,"",,,,"",,,,,,,,CP,10/20/2023 5:54:02 PM
both,old_trees,deadButNowAlive,120800,2,1205,libe,747609.588423812,4308600.96164565,-78.1451062513343,38.8914075939916,6.2,9.3,,,F;DC,stem dead,"","",17,LI,"","",1,0,"",,,,"",,,,,,,,CP,10/13/2023 3:47:05 PM
both,old_trees,deadButNowAlive,120855,2,1205,libe,747619.083340921,4308596.98084961,-78.1449983385517,38.8913690894686,15.6,5.1,11,1.3,F;DS;WR,stem dead,"","",16,LI,"","",1,0,"",,,,"",,,,,,,,CP,10/13/2023 6:32:52 PM
both,old_trees,deadButNowAlive,120886,2,1205,ceca,747612.35541734,4308606.72738973,-78.145079703429,38.8914381179138,9.1,15,,,F;DN,stem dead,"","",19,LI,"","",1,0,"",,,,"",,,,,,,,"KB,CP",10/13/2023 2:06:29 PM
both,old_trees,deadButNowAlive,121006,2,1205,libe,747605.126969939,4308603.55884208,-78.1451566944153,38.8914322265265,1.8,12,,,F;DC;WR,stem dead,"","",14,LI,"","",1,0,"",,,,"",,,,,,,,CP,10/13/2023 3:14:58 PM
both,old_trees,deadButNowAlive,121155,3,1208,libe,747620.807200845,4308664.93913222,-78.144953979718,38.8919802495745,18.9,13,,,F;DN,stem dead,"","",11,LI,"","",1,0,"",,,,"",,,,,,,,CP,10/11/2023 2:22:51 PM
both,old_trees,deadButNowAlive,121159,3,1208,libe,747621.42583492,4308668.4544302,-78.1449455876572,38.8920117143559,19.6,16.5,,,F;DN,stem dead,"","",17,LI,"","",1,0,"",,,,"",,,,,,,,CP,10/11/2023 2:28:12 PM
both,old_trees,deadButNowAlive,121230,5,1208,libe,747611.418588211,4308655.7188415,-78.1450654291743,38.8918999102135,9.3,4,14,1.3,F;DS;WR,stem dead,"","",15,LI,"","",1,0,"",,,,"",,,,,,,,CP,10/11/2023 5:38:05 PM
both,old_trees,deadButNowAlive,121249,2,1208,libe,747612.113986083,4308660.23619004,-78.1450557911501,38.8919403721673,10.1,8.5,,,F;DC,stem dead,"","",14,LI,"","",1,0,"",,,,"",,,,,,,,CP,10/11/2023 5:54:40 PM
both,old_trees,deadButNowAlive,123137,2,1205,libe,747622.166050953,4308593.45141639,-78.1449641082605,38.8913364553506,18.6,1.5,,,F;DC;WR,stem dead,"","",19,LI,"","",1,0,"",,,,"",,,,,,,,CP,10/19/2023 2:03:58 PM
both,old_trees,deadButNowAlive,130233,2,1301,libe,747643.012653058,4308522.71600508,-78.1447495376771,38.8906939397115,17.8,10.3,,,DN,stem dead,"","",17,LI,"","",1,0,"",,,,"",,,,,,,,EM,8/21/2023 2:51:06 PM
both,old_trees,deadButNowAlive,131259,2,1314,astr,747632.052223228,4308788.13315519,-78.1447800478964,38.8930858658958,13,15.9,,1.3,DS,stem dead,"","",17,LI,"DV,M","",1,0,"",,,,"",,,,,,,,RH,7/6/2023 3:32:03 PM
both,old_trees,deadButNowAlive,132125,2,1318,vipr,747636.270780209,4308856.34939243,-78.1447068603375,38.8936986430902,18.8,4,,,DS,stem dead,"","",29,LI,"","",1,0,"",,,,"",,,,,,,,"RH,KT",7/13/2023 7:01:38 PM
both,old_trees,deadButNowAlive,132129,2,1318,vipr,747635.74329176,4308861.83863244,-78.1447109557524,38.8937481967138,18.4,9.5,,1.3,DN,stem dead,"","",31,LI,DV,Living,1,0,"",,,,"",,,,,,,,KB,7/13/2023 7:07:10 PM
both,old_trees,deadButNowAlive,133075,2,1302,libe,747628.85678816,4308537.89168342,-78.1449070904422,38.8908345149586,4,5.8,,,DS;WR,stem dead,"","",15,LI,"","",1,0,"",,,,"",,,,,,,,EM,8/23/2023 7:41:17 PM
both,old_trees,deadButNowAlive,140002,2,1401,libe,747664.924896066,4308513.82195986,-78.1445003963038,38.8906077151141,19.5,0.9,,1.3,DC,stem dead,"","",16,LI,"","",1,0,"",,,,"",,,,,,,,CP,8/16/2023 5:30:21 PM
both,old_trees,deadButNowAlive,142223,2,1420,astr,747641.113840865,4308906.27517502,-78.1445413547591,38.8940399824238,4.8,13.8,,,DN,stem dead,"","",20,LI,DV,"",1,0,"",,,,"",,,,,,,,IK,7/12/2023 1:57:29 PM
both,old_trees,deadButNowAlive,143008,2,1401,libe,747650.928664023,4308513.49716977,-78.1446616988999,38.8906087363724,5.5,0.9,,1.3,DN,stem dead,"","",22,LI,L,"",1,0,"",,,,"",,,,,,,,CP,8/14/2023 6:33:13 PM
both,old_trees,deadButNowAlive,150889,2,1510,libe,747672.113466323,4308695.4376096,-78.1443519370689,38.8922462202784,10.9,2.3,,,F;DN,stem dead,"","",24,LI,"","",1,0,"",,,,"",,,,,,,,KB,10/11/2023 7:19:16 PM
both,old_trees,deadButNowAlive,151012,4,1510,libe,747676.782474548,4308705.44862165,-78.1442947242792,38.8923290707153,15.8,12.2,,,F;DN,stem dead,"","",20,LI,"","",1,0,"",,,,"",,,,,,,,KB,10/11/2023 2:29:18 PM
both,old_trees,deadButNowAlive,152385,2,1522,astr,747670.863254761,4308938.97414095,-78.1442786595787,38.8944325400634,15.3,5.8,,,DN,stem dead,"","",24,LI,"","",1,0,"",,,,"",,,,,,,,KB,7/6/2023 5:58:14 PM
both,old_trees,deadButNowAlive,180015,2,1801,libe,747727.157296348,4308521.76784604,-78.1437808396922,38.89066168701,1.9,7.4,,1.3,DN,stem dead,"","",11,LI,"","",1,0,"",,,,"",,,,,,,,CP,7/25/2023 4:01:41 PM
both,old_trees,deadButNowAlive,180202,2,1801,libe,747741.541624953,4308518.30061911,-78.1436164363703,38.8906264256684,16.2,3.6,,1.3,DC;WR,stem dead,"","",26,LI,"","",1,0,"",,,,"",,,,,,,,CP,7/25/2023 1:34:00 PM
both,old_trees,deadButNowAlive,180288,3,1802,libe,747740.506052016,4308545.68396449,-78.1436184827162,38.8908731763374,15.8,11,22,1.3,DS,stem dead,"","",23,LI,"DV,L",Alive,1,0,"",,,,"",,,,,,,,CT,7/27/2023 12:54:35 PM
both,old_trees,deadButNowAlive,180334,6,1803,libe,747739.095497553,4308559.05483926,-78.1436299038856,38.8909939150318,14.7,4.4,,,DN,stem dead,"","",24,LI,"",Double white wire,1,0,"",,,,"",,,,,,,,KB,7/25/2023 2:31:48 PM
