"tag","StemTag","quadrat","sp","lx","ly","dbh_current","status_current"
10010,"1","0101","juni",7.3,12.2,665,"LI"
10056,"1","0104","astr",6.5,9.6,59,"LI"
101280,"1","1016","caco",16.8,3.9,144,"LI"
101323,"1","1016","caca",13.7,13.6,90,"LI"
10156,"1","0102","libe",5.2,20,0,"DC"
102090,"1","1018","astr",14.7,0.1,22,"LI"
102103,"1","1018","nysy",9.3,10.8,26,"LI"
102104,"1","1018","nysy",9.6,10.3,78,"LI"
102156,"1","1020","cato",0.8,2.6,40,"LI"
102279,"1","1023","pist",14.7,11.8,403,"LI"
102326,"1","1024","cato",4.9,12.9,90,"LI"
102387,"1","1026","nysy",11.4,14,71,"LI"
102456,"1","1029","cagl",10.5,15.1,74,"LI"
10581,"1","0113","quru",16.3,6.4,887,"LI"
10602,"1","0111","litu",2.4,2.7,750,"LI"
10619,"1","0111","fagr",4.3,8.3,262,"LI"
10664,"1","0114","fagr",16.8,9.7,174,"LI"
10671,"1","0114","quru",6.2,14.5,930,"LI"
10675,"1","0114","fagr",12.1,11.5,246,"LI"
10678,"1","0114","litu",18.9,19.3,690,"LI"
111207,"1","1112","quru",14.4,3.3,799,"LI"
111216,"1","1112","litu",19.8,15.4,326,"LI"
111217,"1","1112","quru",12.9,16.9,805,"LI"
111228,"1","1113","fagr",15.5,7.8,66,"LI"
111230,"1","1113","cagl",17.5,7.8,162,"LI"
111250,"1","1114","fagr",18.2,16.2,95,"LI"
111254,"1","1114","havi",11.7,11.8,70,"LI"
111296,"1","1116","caco",18.3,13.8,156,"LI"
111301,"1","1113","fagr",2.1,14.5,175,"LI"
111310,"1","1114","quve",4,9.7,665,"LI"
111314,"1","1114","quru",1.4,11.4,759,"LI"
112030,"1","1117","saal",13.3,14.8,0,"DS"
112042,"1","1118","litu",16.1,3.9,223,"LI"
112060,"1","1117","fram",1,7.6,853,"DS"
112076,"1","1117","astr",8.9,13.3,50,"LI"
112111,"1","1119","cato",12.2,6.7,49,"LI"
112137,"1","1120","qual",13.4,3.9,607,"LI"
112170,"1","1121","pist",4.4,1.8,373,"LI"
112176,"1","1121","qual",17.5,12.5,614,"LI"
112188,"1","1121","quve",13.4,13,531,"LI"
112250,"1","1122","pist",10.8,18.4,470,"LI"
112309,"1","1124","qual",13.5,11.8,544,"LI"
112458,"1","1128","litu",17.1,1.3,354,"LI"
112471,"1","1130","litu",18.3,6.3,790,"LI"
113182,"1","1116","astr",11.7,17,56,"LI"
113249,"1","1117","astr",19.7,12.3,0,"DN"
113280,"1","1116","astr",10.4,11.6,0,"DN"
12001,"1","0117","litu",0.7,0.9,611,"LI"
12038,"1","0118","cato",19.5,0.5,80,"LI"
12052,"1","0118","cofl",10.2,16.8,77,"LI"
12079,"1","0119","caca",7.9,11.5,108,"LI"
12137,"1","0121","caca",15.8,12.1,81,"LI"
12242,"1","0124","tiam",17.8,12.8,226,"LI"
12289,"1","0125","caca",4.4,19.6,92,"LI"
12297,"1","0126","fram",5.5,3.5,87,"DS"
12304,"1","0126","frpe",3.1,4.9,76,"LI"
12427,"1","0130","litu",9.2,2.7,423,"LI"
12441,"1","0130","cato",16.8,8.5,80,"LI"
12490,"1","0131","litu",19.1,2.3,342,"LI"
12497,"1","0131","caca",12.1,9.4,68,"LI"
130004,"1","1301","astr",8.7,1.5,52,"LI"
130012,"1","1301","libe",4.6,8,18,"LI"
130179,"1","1302","litu",17.3,16,698,"LI"
130392,"1","1303","litu",14.4,10.8,807,"LI"
13084,"1","0103","libe",6.9,12.2,0,"DS"
13086,"1","0103","libe",8.1,13.8,0,"DC"
13094,"1","0104","libe",19.8,11.1,0,"DN"
131163,"1","1312","caca",11.7,0.4,58,"LI"
131164,"1","1312","litu",1.6,8.7,610,"LI"
131184,"1","1313","litu",3.9,17.1,610,"LI"
131207,"1","1311","litu",12.2,13.4,636,"LI"
131215,"1","1312","litu",16,18.5,672,"LI"
131227,"1","1313","litu",17.4,13.7,592,"LI"
131268,"1","1314","caco",18,17.8,243,"LI"
131301,"1","1314","litu",2,15.4,671,"LI"
131307,"1","1314","cato",7,18.8,135,"LI"
131364,"1","1316","acru",12,12.9,487,"LI"
13138,"1","0127","libe",13.2,12.4,0,"DT"
132002,"1","1317","caco",3.6,2.4,452,"LI"
132032,"1","1318","vipr",2.1,2.5,98,"LI"
132055,"1","1318","cagl",3.4,16.7,63,"LI"
132063,"1","1318","vipr",11.1,12,79,"LI"
132197,"1","1321","cato",18.4,15.5,46,"LI"
132232,"1","1322","quve",6.3,4.6,330,"LI"
132235,"1","1322","qual",1.7,9.4,529,"LI"
132257,"1","1323","qual",2.9,13.6,688,"LI"
132266,"1","1323","cagl",3.1,18,79,"LI"
132326,"1","1323","quru",9,5.9,415,"LI"
132333,"1","1323","cagl",14,14.6,56,"LI"
132378,"1","1326","caco",9.3,2.4,32,"LI"
132412,"1","1326","litu",4.4,8.9,208,"LI"
132416,"1","1326","cato",0.9,14.2,514,"LI"
132443,"1","1328","astr",3.7,17.8,26,"LI"
132466,"1","1331","litu",1,18.3,794,"LI"
132538,"1","1331","cagl",19.6,6.2,69,"LI"
132539,"1","1331","litu",15,15.9,640,"LI"
133005,"1","1301","libe",4,3,0,"DN"
133103,"1","1302","libe",16.1,7.1,0,"DN"
133138,"1","1303","libe",18.5,2.4,0,"DN"
133444,"1","1315","astr",14,10.2,0,"DN"
133615,"1","1302","libe",4.1,6.7,0,"DN"
133905,"1","1304","libe",19.6,2.2,15,"LI"
133908,"1","1304","libe",19.9,0.5,19,"LI"
133909,"1","1304","libe",19.5,3.4,17,"LI"
134068,"1","1316","libe",5.6,3.2,18,"LI"
13609,"1","0123","elum",9.5,4.9,0,"DN"
140069,"1","1401","litu",15.2,17.2,772,"LI"
140253,"1","1401","libe",10.7,17.5,0,"DN"
140344,"1","1402","litu",4.3,17.6,436,"LI"
140475,"1","1405","nysy",17.8,16.8,74,"LI"
140829,"1","1411","litu",0.6,4.9,662,"LI"
140847,"1","1412","litu",0.3,0.6,673,"LI"
140895,"1","1415","astr",5.6,2.3,51,"LI"
141066,"1","1413","litu",14.6,15.1,703,"LI"
141077,"1","1414","litu",14.7,5.1,221,"LI"
141079,"1","1414","quru",18.4,17.8,275,"LI"
141202,"1","1415","astr",6.6,4.5,64,"LI"
141215,"1","1415","astr",3.8,7.8,0,"DN"
142002,"1","1417","caco",14.8,4,540,"LI"
142005,"1","1417","fram",16.3,9.8,123,"DS"
142015,"1","1417","quve",8.5,14.4,566,"LI"
142017,"1","1417","qual",10.3,14.6,477,"LI"
142079,"1","1419","astr",14.1,0.9,0,"DC"
142191,"1","1419","cagl",7.1,13.2,261,"LI"
142192,"1","1419","cagl",3.1,11.1,438,"LI"
142197,"1","1419","astr",6.7,15.5,0,"DN"
142335,"1","1422","cagl",13,13.3,77,"LI"
142346,"1","1423","nysy",14,13.4,81,"LI"
142348,"1","1423","cato",17.9,18.6,73,"LI"
142363,"1","1424","qual",5.2,18.7,523,"LI"
142380,"1","1425","qual",6.8,13.1,611,"LI"
142411,"1","1419","astr",6.8,18.4,38,"LI"
142444,"1","1420","astr",7.3,6,29,"LI"
142537,"1","1423","nysy",1.1,10.1,53,"LI"
142544,"1","1424","nysy",7.6,2.4,73,"LI"
142601,"1","1427","qual",11.3,7,657,"LI"
142612,"1","1428","qual",15.2,2.1,651,"LI"
142616,"1","1428","litu",15.2,6.7,293,"LI"
142640,"1","1429","litu",8.6,17,669,"LI"
142648,"1","1430","litu",19.7,3.7,755,"LI"
142651,"1","1430","fagr",19.5,16.3,277,"LI"
142657,"1","1431","litu",14.8,16.9,505,"LI"
142700,"1","1418","astr",8,5.4,36,"LI"
142716,"1","1430","cofl",4.4,1.8,70,"LI"
143218,"1","1403","libe",1.3,5.6,0,"DN"
143700,"1","1420","astr",19.4,10.3,26,"LI"
143758,"1","1402","libe",2,18.2,0,"DC"
143929,"1","1417","astr",5.7,18.9,13,"LI"
150147,"1","1502","litu",3.6,2.6,710,"LI"
150157,"1","1502","libe",8.1,4,0,"DC"
150259,"1","1501","libe",1.4,5.8,0,"DN"
150269,"1","1501","libe",4.2,7.1,0,"DS"
150271,"1","1501","libe",6.5,7.8,0,"DN"
150559,"1","1503","libe",19.9,8,0,"DN"
150770,"1","1504","litu",1.7,2.5,661,"LI"
150778,"1","1504","litu",10.1,12.2,798,"LI"
150805,"1","1507","litu",14.3,2,758,"LI"
151072,"1","1514","prav",5.6,9.9,367,"LI"
151082,"1","1514","litu",17,16.2,815,"LI"
151148,"1","1512","litu",18,14.7,594,"LI"
151180,"1","1515","caco",7.2,10.7,84,"LI"
151190,"1","1515","quru",16.7,17.8,213,"LI"
151633,"1","1516","cato",9.4,18.9,101,"LI"
151663,"1","1516","ploc",5.8,5.8,556,"LI"
152007,"1","1517","ceca",10.9,3.9,84,"LI"
152044,"1","1518","qupr",4.6,4.5,471,"LI"
152254,"1","1521","astr",13,1.7,25,"LI"
152318,"1","1521","quru",1.1,13.4,687,"LI"
152393,"1","1522","ceca",12.4,2.9,188,"LI"
152410,"1","1522","quru",0.6,6.5,456,"LI"
152411,"1","1522","caco",1.8,6.5,104,"LI"
152483,"1","1524","qupr",0.5,9.1,398,"LI"
152503,"1","1525","qupr",19.8,7.5,81,"LI"
152521,"1","1526","caovl",0.7,3.2,555,"LI"
152561,"1","1527","quve",11.9,3.1,809,"LI"
152589,"1","1527","qupr",18.8,19.4,397,"LI"
152602,"1","1528","nysy",7.3,1.6,86,"LI"
152679,"1","1530","litu",17.7,13.4,736,"LI"
152696,"1","1531","fagr",11.8,11.5,279,"LI"
152698,"1","1531","fagr",5.5,17.3,51,"LI"
152718,"1","1532","cagl",7.9,9.2,379,"LI"
152720,"1","1532","litu",15.3,14.3,492,"LI"
152721,"1","1532","fagr",15.3,16.3,205,"LI"
153128,"1","1503","libe",19.4,17.4,0,"DN"
153137,"1","1503","libe",15.3,12.2,0,"DN"
153149,"1","1503","libe",17.1,6.8,18,"LI"
153499,"1","1502","libe",17.6,7.1,15,"LI"
160081,"1","1601","libe",3.8,16.8,0,"DC"
160441,"1","1603","libe",15.3,3.6,0,"DS"
160667,"1","1604","litu",6.5,16.7,628,"LI"
160764,"1","1607","quve",18.2,0.9,798,"LI"
160765,"1","1607","litu",15.8,8,725,"LI"
160840,"1","1613","vipr",1.9,18.8,53,"LI"
160846,"1","1613","caco",14.9,18.6,137,"LI"
160854,"1","1614","caco",16.6,6.2,104,"LI"
160878,"1","1613","astr",19.8,9.5,78,"LI"
160940,"1","1609","quru",11.6,11.6,571,"LI"
160970,"1","1612","litu",4.2,3.5,520,"LI"
160972,"1","1612","litu",9.6,0.2,323,"LI"
161012,"1","1613","caco",11,17.3,148,"LI"
161506,"1","1615","ceoc",17.5,7.6,225,"LI"
161572,"1","1616","caco",7.4,5.6,417,"LI"
162052,"1","1619","astr",5.2,10.5,40,"LI"
162124,"1","1618","qual",14.7,8.6,710,"LI"
162140,"1","1619","nysy",8.1,8.1,84,"LI"
162209,"1","1620","astr",14.6,20,60,"LI"
162218,"1","1621","acne",0.2,5.4,250,"LI"
162222,"1","1621","litu",0.2,9,350,"LI"
162243,"1","1621","astr",15.2,14.8,32,"LI"
162249,"1","1621","astr",16.6,15,45,"LI"
162402,"1","1624","quru",12,7.7,280,"LI"
162404,"1","1624","cato",14.4,15.7,91,"LI"
162538,"1","1627","cofl",10.9,12.5,62,"LI"
162548,"1","1627","qual",0.5,19.4,705,"LI"
162566,"1","1628","quve",3.6,11.5,576,"LI"
162595,"1","1629","litu",1.3,15.6,605,"LI"
162626,"1","1621","astr",17.6,4.4,83,"LI"
163070,"1","1601","libe",2,14.7,0,"DC"
163437,"1","1620","astr",10.2,1.7,38,"LI"
163984,"1","1603","libe",5.5,18,0,"DN"
170267,"1","1701","libe",15.5,3.9,0,"DS"
170446,"1","1701","libe",13.1,11.1,31,"LI"
170449,"1","1701","libe",12.6,10.7,41,"LI"
170472,"1","1701","libe",13.4,13.1,0,"DN"
170615,"1","1702","libe",2.5,15.3,0,"DN"
170845,"1","1702","libe",17.4,13.9,0,"DN"
171197,"1","1710","quve",5.6,5.6,691,"LI"
171231,"1","1706","fagr",16.9,12.7,296,"LI"
171286,"1","1710","litu",15.2,18.6,673,"LI"
173051,"1","1701","libe",12.5,0.2,0,"DC"
173089,"1","1703","libe",6,12.2,0,"DN"
173096,"1","1703","libe",13,14.8,16,"LI"
173248,"1","1704","libe",1,13.5,0,"DC"
180214,"1","1801","litu",17.2,17.3,809,"LI"
180341,"1","1803","juni",18.4,7.6,704,"LI"
180565,"1","1803","astr",8.8,16.1,96,"LI"
180674,"1","1806","litu",6.8,16.1,630,"LI"
180748,"1","1807","cato",13.5,3.4,49,"LI"
180770,"1","1809","litu",11.9,6.2,574,"LI"
180918,"1","1809","litu",6.6,2.5,750,"LI"
180919,"1","1809","litu",2.9,2.6,530,"LI"
181563,"1","1803","aial",2.4,2.7,126,"LI"
182713,"1","1832","ceca",11.8,9.1,127,"LI"
183077,"1","1802","libe",19.8,17.8,0,"DN"
183126,"1","1803","libe",18.4,7.1,23,"LI"
183292,"1","1805","libe",5.4,11.1,19,"LI"
183333,"1","1805","libe",15.6,3.4,26,"LI"
183741,"1","1803","astr",11.3,15,26,"LI"
190090,"1","1902","litu",18.6,15.4,632,"LI"
190103,"1","1902","libe",15,20,50,"LI"
190353,"1","1903","ploc",2.2,17.3,175,"LI"
190394,"1","1903","fram",18.8,13.5,205,"LI"
190650,"1","1907","litu",4.5,8.4,715,"LI"
190687,"1","1909","caco",15.9,8.8,150,"LI"
191850,"1","1908","astr",12.7,2.7,35,"LI"
192772,"1","1901","libe",12,15,16,"LI"
192983,"1","1905","libe",18,16,20,"LI"
193050,"1","1901","libe",16.6,11.3,20,"LI"
193076,"1","1901","libe",17.9,19,0,"DC"
193189,"1","1902","libe",11.5,9.7,0,"DN"
193549,"1","1906","libe",15.2,12.8,0,"DN"
193557,"1","1906","libe",10.8,17.1,0,"DS"
193672,"1","1907","libe",14.3,17.9,0,"DC"
193942,"1","1909","libe",13.4,2.6,0,"DN"
200039,"1","2001","libe",0.2,8.6,46,"LI"
200105,"1","2001","libe",17.9,17.8,40,"LI"
200135,"1","2001","juni",18.1,14.8,388,"LI"
200178,"1","2002","libe",5,19.1,0,"DN"
200189,"1","2002","litu",11,14.3,595,"LI"
200555,"1","2005","litu",4.8,11,741,"LI"
200589,"1","2007","libe",3.3,17,0,"DC"
200787,"1","2010","astr",17.3,5,0,"DN"
200821,"1","2008","libe",8,6.2,0,"DN"
200854,"1","2008","astr",19,16.3,48,"LI"
200898,"1","2009","astr",10,9.8,18,"LI"
200913,"1","2009","astr",2,14.4,31,"LI"
200933,"1","2009","astr",10.5,16,47,"LI"
200938,"1","2009","astr",9,17.8,64,"LI"
201121,"1","2010","astr",11.1,13.3,47,"LI"
201515,"1","2010","libe",3.7,15,17,"LI"
201829,"1","2006","libe",10.8,15,15,"LI"
203013,"1","2006","libe",4.8,5.1,0,"DC"
203068,"1","2006","libe",7,2.6,0,"DN"
203081,"1","2002","libe",3.4,1.1,0,"DN"
203182,"1","2002","libe",2.7,16,0,"DN"
203237,"1","2003","libe",5,15.3,0,"DC"
203306,"1","2003","libe",13,4.3,32,"LI"
203459,"1","2004","libe",15.2,0.7,0,"DN"
203499,"1","2004","libe",11.2,17.8,0,"DC"
203834,"1","2008","libe",10,11,0,"DN"
203964,"1","2010","libe",0.2,3.3,48,"LI"
20676,"1","0211","litu",16.1,8.5,587,"LI"
20678,"1","0211","litu",14.4,6.7,454,"LI"
20693,"1","0211","fagr",16.1,19.8,319,"LI"
20712,"1","0212","litu",1.5,8.3,949,"LI"
20718,"1","0212","caca",11.3,14,109,"LI"
20732,"1","0212","litu",13.9,19.6,406,"LI"
20734,"1","0213","litu",5.3,6.6,405,"LI"
20755,"1","0213","quru",2.1,7.3,588,"LI"
20760,"1","0213","caco",8.7,15.8,521,"LI"
20799,"1","0215","litu",11.6,0.4,690,"LI"
20811,"1","0215","caco",11,15.4,401,"LI"
20846,"1","0216","fagr",20,11.2,98,"LI"
22018,"1","0217","fagr",11.3,9.8,174,"LI"
22026,"1","0217","quru",19.6,11.6,764,"LI"
22041,"1","0217","litu",1.8,19,868,"LI"
22066,"1","0218","fagr",12.5,15.4,140,"LI"
22096,"1","0219","havi",10.5,7.5,0,"DN"
22097,"1","0219","litu",12.9,5,645,"LI"
22121,"1","0220","nysy",16.5,3.9,176,"LI"
22124,"1","0220","nysy",18.1,6.6,145,"LI"
22127,"1","0220","cagl",13.6,4.4,408,"LI"
22138,"1","0220","quve",1,20,592,"LI"
22162,"1","0221","quve",4.2,12.1,535,"LI"
22178,"1","0222","tiam",6.3,2.5,344,"LI"
22186,"1","0222","tiam",17,7.5,380,"LI"
22207,"1","0222","fram",10.8,14.5,0,"DC"
22214,"1","0222","acru",6.4,20,462,"LI"
22247,"1","0223","acru",9.1,15.7,320,"LI"
22257,"1","0224","tiam",1.9,4.3,284,"LI"
22274,"1","0224","litu",11.3,2.9,734,"LI"
22291,"1","0224","caca",9.8,19.5,90,"LI"
22293,"1","0224","tiam",2.8,13.8,161,"LI"
22302,"1","0225","litu",4.2,7.5,381,"LI"
22313,"1","0225","litu",19.3,8.9,304,"LI"
22332,"1","0226","caca",5.2,0.5,0,"DC"
22336,"1","0226","quru",3.9,7.5,869,"LI"
22369,"1","0227","caca",6.2,4.8,96,"LI"
22371,"1","0227","quve",5.4,6.6,472,"LI"
22375,"1","0227","cato",15.1,2,103,"LI"
22474,"1","0229","cato",6.6,4.8,87,"LI"
22485,"1","0229","litu",1.6,2.9,169,"LI"
22548,"1","0230","cato",13.7,9.7,106,"LI"
22625,"1","0232","cagl",0.1,4.6,59,"LI"
22629,"1","0232","litu",16.8,6.7,730,"LI"
23004,"1","0202","litu",13.3,2.9,142,"LI"
30154,"1","0303","acru",13.8,0.8,402,"LI"
30263,"1","0311","fagr",3.2,11.4,96,"LI"
30289,"1","0312","vipr",5.3,17,78,"LI"
30293,"1","0313","quru",0.6,1.8,552,"LI"
30447,"1","0313","fagr",15.7,3.7,200,"LI"
30464,"1","0313","litu",0.9,18.3,690,"LI"
30483,"1","0314","fagr",15.6,15.5,255,"LI"
30490,"1","0315","qual",15,6,483,"LI"
30491,"1","0315","fagr",13,3.6,182,"LI"
30512,"1","0313","quru",2.9,14.3,900,"LI"
30517,"1","0314","qual",8.2,1.8,775,"LI"
30541,"1","0315","fagr",4.4,1.3,325,"LI"
30570,"1","0316","tiam",1.9,3.4,260,"LI"
32015,"1","0317","cato",0.5,4.5,176,"LI"
32043,"1","0318","fagr",9.4,0.5,89,"LI"
32072,"1","0319","acru",0.5,8,227,"LI"
32087,"1","0319","caca",2,20,0,"DN"
32122,"1","0321","caca",3.6,2.8,127,"LI"
32139,"1","0321","cagl",19.6,16.2,303,"LI"
32164,"1","0322","litu",0.8,7.8,456,"LI"
32178,"1","0322","tiam",10.7,16.1,267,"LI"
32189,"1","0322","litu",1.8,18.6,549,"LI"
32195,"1","0322","tiam",2.5,13.9,308,"LI"
32222,"1","0323","litu",15.8,1.1,464,"LI"
32278,"1","0324","litu",19.7,13.6,645,"LI"
32286,"1","0324","quve",12.5,15.2,616,"LI"
32301,"1","0325","caca",6.4,4.1,0,"DC"
32304,"1","0325","caca",6.2,7.3,52,"LI"
32333,"1","0326","ceca",6.1,0.8,0,"DS"
32342,"1","0326","litu",17.7,4.1,295,"LI"
32352,"1","0326","cato",10.4,18.7,69,"LI"
32368,"1","0327","quve",15.6,10.3,602,"LI"
32406,"1","0328","litu",12,19.1,532,"LI"
32429,"1","0329","cato",12.6,15.3,30,"LI"
32433,"1","0329","ulam",7.1,11.3,45,"LI"
32458,"1","0330","ceca",4.7,6,98,"LI"
32475,"1","0330","litu",19.9,12.6,98,"LI"
32488,"1","0331","litu",3.3,2.9,615,"LI"
32516,"1","0332","quru",8.4,0.8,465,"LI"
32518,"1","0332","quru",6,4.6,361,"LI"
32534,"1","0332","nysy",11.2,9.1,45,"LI"
32543,"1","0332","litu",7.3,12.2,332,"LI"
33110,"1","0301","libe",18.7,10.9,40,"LI"
33248,"1","0303","libe",8.6,18.1,0,"DC"
33255,"1","0303","caca",1.9,19.1,59,"LI"
33469,"1","0303","libe",13.4,18.9,21,"LI"
40854,"1","0411","astr",8.9,6.4,45,"LI"
40892,"1","0413","acru",13.5,8.3,301,"LI"
40948,"1","0414","fagr",13,7.8,76,"LI"
41025,"1","0416","fram",19.2,6.8,0,"DC"
42006,"1","0417","nysy",1.5,5.4,162,"LI"
42018,"1","0417","quru",15.9,10.7,488,"LI"
42020,"1","0417","ploc",18.3,19.2,521,"LI"
42023,"1","0417","caca",13.2,18.5,75,"LI"
42067,"1","0419","caca",4.6,1,90,"LI"
42092,"1","0420","quru",10.1,0.4,513,"LI"
42093,"1","0420","litu",10,2.6,397,"LI"
42100,"1","0420","fagr",5.6,4.2,190,"LI"
42115,"1","0420","tiam",0,16.3,0,"DN"
42119,"1","0421","cato",0.6,0.2,386,"LI"
42260,"1","0424","caca",9.8,6.9,71,"LI"
42308,"1","0425","litu",2.1,18.1,416,"LI"
42309,"1","0425","caca",1.2,18.9,49,"LI"
42325,"1","0426","quru",18.6,0.5,570,"LI"
42363,"1","0427","litu",14.6,2.4,626,"LI"
42369,"1","0427","cato",18.1,6.2,106,"LI"
42384,"1","0427","cagl",0.5,12.9,56,"LI"
42508,"1","0429","litu",2.1,8.3,226,"LI"
42512,"1","0429","litu",20,5.2,731,"LI"
42514,"1","0429","quru",13.2,10.3,220,"LI"
42535,"1","0430","litu",20,1.2,618,"LI"
42543,"1","0430","acru",15.3,20,49,"LI"
42570,"1","0431","litu",0.9,10.8,348,"LI"
42596,"1","0432","litu",19.9,19.7,564,"LI"
42601,"1","0432","litu",12.4,13.7,613,"LI"
43016,"1","0401","libe",4.4,8.4,18,"LI"
43577,"1","0416","libe",16.9,13.7,22,"LI"
50500,"1","0511","caca",7.5,15.4,46,"LI"
50513,"1","0511","caca",4.9,9.1,108,"LI"
50524,"1","0512","caca",9.6,1.2,55,"LI"
50532,"1","0512","havi",4.1,15.4,0,"DS"
50556,"1","0513","fagr",7.4,18.2,205,"LI"
50564,"1","0514","fagr",2.6,15.7,266,"LI"
50610,"1","0512","libe",17.8,7.3,0,"DN"
50646,"1","0514","quru",19.6,9.4,368,"LI"
50684,"1","0516","litu",17.7,11.6,548,"LI"
52010,"1","0517","fagr",9.9,5.7,253,"LI"
52012,"1","0517","fagr",7.6,9.7,309,"LI"
52023,"1","0517","litu",18.3,19.3,335,"LI"
52024,"1","0517","tiam",17.9,19.2,0,"DN"
52224,"1","0523","acru",14.5,12.2,55,"LI"
52364,"1","0529","cato",1,6.7,86,"LI"
52403,"1","0530","quve",6.6,17.7,815,"LI"
52404,"1","0530","ulru",6.3,16.6,62,"LI"
52434,"1","0531","litu",7.4,19.6,676,"LI"
52435,"1","0531","cagl",7.5,20,82,"LI"
53353,"1","0509","caca",18.5,16.4,12,"LI"
60419,"1","0611","qual",1,1.5,277,"LI"
60437,"1","0613","quru",4.3,5.9,607,"LI"
60450,"1","0614","litu",6.5,4.9,701,"LI"
60458,"1","0615","fagr",1.9,0,313,"LI"
60467,"1","0615","fagr",1.2,14.7,265,"LI"
60486,"1","0616","fagr",6,15.7,220,"LI"
60489,"1","0616","cato",13.8,20,68,"LI"
62019,"1","0617","quru",19,9.8,823,"LI"
62143,"1","0620","cato",16.4,16.1,89,"LI"
62247,"1","0623","cato",18.2,11,610,"LI"
62248,"1","0623","litu",20,18.6,253,"LI"
62283,"1","0624","fagr",9.2,13,122,"LI"
62293,"1","0625","litu",13.7,9.4,593,"LI"
62297,"1","0625","litu",16.8,10.8,638,"LI"
62303,"1","0625","quve",2.9,10.3,693,"LI"
62339,"1","0627","litu",12.8,7.3,404,"LI"
62401,"1","0629","litu",0.1,11.1,565,"LI"
62404,"1","0630","quru",8.9,7.5,409,"LI"
62422,"1","0630","litu",3.5,19.6,539,"LI"
62426,"1","0631","litu",5.5,8.3,162,"LI"
62427,"1","0631","litu",4.9,9.8,380,"LI"
62442,"1","0631","litu",7.1,11.2,122,"LI"
70454,"1","0712","fagr",1.3,1.1,204,"LI"
70456,"1","0712","litu",2.2,2.3,477,"LI"
70458,"1","0712","fagr",7,4.4,77,"LI"
70459,"1","0712","qual",5,5.3,805,"LI"
70483,"1","0713","caca",5.5,8.5,61,"LI"
70531,"1","0711","litu",17.5,13.9,288,"LI"
70595,"1","0714","litu",18.2,16.7,285,"LI"
70625,"1","0716","fagr",10.8,16.3,311,"LI"
70632,"1","0713","caca",4.3,6.7,80,"LI"
70655,"1","0715","acru",7.5,17.1,162,"LI"
72003,"1","0717","fagr",5.4,1,139,"LI"
72006,"1","0717","fagr",6.4,7.4,145,"LI"
72027,"1","0717","fagr",14.4,8,140,"LI"
72055,"1","0717","nysy",6.6,14.9,39,"LI"
72071,"1","0718","quru",7,6.7,310,"LI"
72090,"1","0718","quru",15.7,11.1,603,"LI"
72094,"1","0718","acru",19.4,17.1,40,"LI"
72098,"1","0718","litu",13.5,17.4,449,"LI"
72198,"1","0721","litu",12.6,3.5,740,"LI"
72260,"1","0723","litu",4.3,10.9,329,"LI"
72296,"1","0725","litu",2.2,9.3,600,"LI"
72298,"1","0725","litu",0.5,5,469,"LI"
72447,"1","0732","litu",14.9,4.1,640,"LI"
72457,"1","0732","litu",11.2,17.2,266,"LI"
80522,"1","0813","quve",10.2,1.5,353,"LI"
80526,"1","0813","litu",15.2,0.1,322,"LI"
80554,"1","0813","caovl",6.9,11.2,551,"LI"
80569,"1","0815","litu",18.1,4.3,420,"LI"
80576,"1","0815","quve",3.5,8,587,"LI"
80645,"1","0811","quve",11.1,15.8,695,"LI"
80675,"1","0814","litu",19.9,8.4,402,"LI"
80742,"1","0812","nysy",14.8,9.2,46,"LI"
80745,"1","0812","qual",11.9,9,654,"LI"
80753,"1","0814","litu",15.6,2.5,278,"LI"
80758,"1","0814","cagl",4,1,26,"LI"
80759,"1","0814","amar",3.6,3,49,"LI"
80763,"1","0814","litu",3.5,11.8,258,"LI"
80772,"1","0816","acru",17.9,14.9,337,"LI"
81002,"1","0814","litu",5.3,12.6,252,"LI"
82019,"1","0817","nysy",11.6,4.1,71,"LI"
82056,"1","0818","havi",3.8,3.9,53,"LI"
82076,"1","0818","qual",15.3,12.9,470,"LI"
82094,"1","0819","quru",7.3,3.2,483,"LI"
82106,"1","0819","quru",19.2,4.9,397,"LI"
82107,"1","0819","nysy",16.9,8.8,60,"LI"
82138,"1","0820","quru",1.1,2.7,714,"LI"
82165,"1","0821","quru",1.6,6.3,290,"LI"
82173,"1","0821","cagl",12,9,386,"LI"
82179,"1","0821","cagl",20,14.5,321,"LI"
82305,"1","0826","nysy",17,4.9,55,"LI"
82320,"1","0827","cofl",8.3,8,56,"LI"
82379,"1","0829","cato",3.5,14.9,0,"DC"
82402,"1","0830","litu",9.4,15.3,726,"LI"
90540,"1","0911","litu",11.4,9.4,433,"LI"
90546,"1","0911","qual",16.1,19.7,714,"LI"
90634,"1","0911","quve",3.6,17.6,458,"LI"
90719,"1","0916","acru",0.9,18.9,214,"LI"
90758,"1","0916","vipr",11.9,9.3,40,"LI"
92127,"1","0920","cagl",7.2,2,30,"LI"
92128,"1","0920","nysy",6.5,4.3,71,"LI"
92146,"1","0920","cagl",10.8,6.2,68,"LI"
92169,"1","0920","acru",0.8,16.6,91,"LI"
92211,"1","0922","ceca",8.7,9.5,48,"LI"
92368,"1","0924","ceca",14.8,10.4,94,"LI"
92424,"1","0926","litu",10.8,10.4,385,"LI"
92427,"1","0926","litu",17.3,15,169,"LI"
92435,"1","0926","nysy",13.4,18,175,"LI"
92440,"1","0926","vipr",6.1,14.3,66,"LI"
92520,"1","0930","ceca",17.5,6.6,67,"LI"
13334,"2","0102","acne",0.7,14,0,"DS"
22198,"2","0222","tiam",16.1,10.9,159,"DS"
33424,"2","0320","astr",NA,NA,10,"LI"
82379,"2","0829","cato",3.5,14.9,22,"LI"
152096,"2","1519","nysy",NA,NA,14,"LI"
180551,"4","1803","libe",5.7,18.6,16,"LI"
193117,"2","1901","libe",15.6,7.3,14,"LI"
200821,"3","2008","libe",8,6.2,25,"LI"
203834,"5","2008","libe",10,11,22,"LI"
